bt_date_bt_time,Date,Time,uid,In Kitchen,,
28-03-19 15:00:00:000000,28-03-19,15:00:00:000000,kitchen,0,,
28-03-19 15:00:40:000000,28-03-19,15:00:40:000000,kitchen,0,,
28-03-19 15:01:20:000000,28-03-19,15:01:20:000000,kitchen,0,,
28-03-19 15:02:00:000000,28-03-19,15:02:00:000000,kitchen,0,,
28-03-19 15:02:40:000000,28-03-19,15:02:40:000000,kitchen,0,,
28-03-19 15:03:20:000000,28-03-19,15:03:20:000000,kitchen,0,,
28-03-19 15:04:00:000000,28-03-19,15:04:00:000000,kitchen,0,,
28-03-19 15:04:40:000000,28-03-19,15:04:40:000000,kitchen,0,,
28-03-19 15:05:20:000000,28-03-19,15:05:20:000000,kitchen,0,,
28-03-19 15:06:00:000000,28-03-19,15:06:00:000000,kitchen,0,,
28-03-19 15:06:40:000000,28-03-19,15:06:40:000000,kitchen,0,,
28-03-19 15:07:20:000000,28-03-19,15:07:20:000000,kitchen,0,,
28-03-19 15:08:00:000000,28-03-19,15:08:00:000000,kitchen,0,,
28-03-19 15:08:40:000000,28-03-19,15:08:40:000000,kitchen,0,,
28-03-19 15:09:20:000000,28-03-19,15:09:20:000000,kitchen,0,,
28-03-19 15:10:00:000000,28-03-19,15:10:00:000000,kitchen,0,,
28-03-19 15:10:40:000000,28-03-19,15:10:40:000000,kitchen,0,,
28-03-19 15:11:20:000000,28-03-19,15:11:20:000000,kitchen,0,,
28-03-19 15:12:00:000000,28-03-19,15:12:00:000000,kitchen,0,,
28-03-19 15:12:40:000000,28-03-19,15:12:40:000000,kitchen,0,,
28-03-19 15:13:20:000000,28-03-19,15:13:20:000000,kitchen,0,,
28-03-19 15:14:00:000000,28-03-19,15:14:00:000000,kitchen,0,,
28-03-19 15:14:40:000000,28-03-19,15:14:40:000000,kitchen,0,,
28-03-19 15:15:20:000000,28-03-19,15:15:20:000000,kitchen,0,,
28-03-19 15:16:00:000000,28-03-19,15:16:00:000000,kitchen,0,,
28-03-19 15:16:40:000000,28-03-19,15:16:40:000000,kitchen,0,,
28-03-19 15:17:20:000000,28-03-19,15:17:20:000000,kitchen,0,,
28-03-19 15:18:00:000000,28-03-19,15:18:00:000000,kitchen,0,,
28-03-19 15:18:40:000000,28-03-19,15:18:40:000000,kitchen,0,,
28-03-19 15:19:20:000000,28-03-19,15:19:20:000000,kitchen,0,,
28-03-19 15:20:00:000000,28-03-19,15:20:00:000000,kitchen,0,,
28-03-19 15:20:40:000000,28-03-19,15:20:40:000000,kitchen,0,,
28-03-19 15:21:20:000000,28-03-19,15:21:20:000000,kitchen,0,,
28-03-19 15:22:00:000000,28-03-19,15:22:00:000000,kitchen,0,,
28-03-19 15:22:40:000000,28-03-19,15:22:40:000000,kitchen,0,,
28-03-19 15:23:20:000000,28-03-19,15:23:20:000000,kitchen,0,,
28-03-19 15:24:00:000000,28-03-19,15:24:00:000000,kitchen,0,,
28-03-19 15:24:40:000000,28-03-19,15:24:40:000000,kitchen,0,,
28-03-19 15:25:20:000000,28-03-19,15:25:20:000000,kitchen,0,,
28-03-19 15:26:00:000000,28-03-19,15:26:00:000000,kitchen,0,,
28-03-19 15:26:40:000000,28-03-19,15:26:40:000000,kitchen,0,,
28-03-19 15:27:20:000000,28-03-19,15:27:20:000000,kitchen,0,,
28-03-19 15:28:00:000000,28-03-19,15:28:00:000000,kitchen,0,,
28-03-19 15:28:40:000000,28-03-19,15:28:40:000000,kitchen,0,,
28-03-19 15:29:20:000000,28-03-19,15:29:20:000000,kitchen,0,,
28-03-19 15:30:00:000000,28-03-19,15:30:00:000000,kitchen,0,,
28-03-19 15:30:40:000000,28-03-19,15:30:40:000000,kitchen,0,,
28-03-19 15:31:20:000000,28-03-19,15:31:20:000000,kitchen,0,,
28-03-19 15:32:00:000000,28-03-19,15:32:00:000000,kitchen,0,,
28-03-19 15:32:40:000000,28-03-19,15:32:40:000000,kitchen,0,,
28-03-19 15:33:20:000000,28-03-19,15:33:20:000000,kitchen,0,,
28-03-19 15:34:00:000000,28-03-19,15:34:00:000000,kitchen,0,,
28-03-19 15:34:40:000000,28-03-19,15:34:40:000000,kitchen,0,,
28-03-19 15:35:20:000000,28-03-19,15:35:20:000000,kitchen,0,,
28-03-19 15:36:00:000000,28-03-19,15:36:00:000000,kitchen,0,,
28-03-19 15:36:40:000000,28-03-19,15:36:40:000000,kitchen,0,,
28-03-19 15:37:20:000000,28-03-19,15:37:20:000000,kitchen,0,,
28-03-19 15:38:00:000000,28-03-19,15:38:00:000000,kitchen,0,,
28-03-19 15:38:40:000000,28-03-19,15:38:40:000000,kitchen,0,,
28-03-19 15:39:20:000000,28-03-19,15:39:20:000000,kitchen,0,,
28-03-19 15:40:00:000000,28-03-19,15:40:00:000000,kitchen,0,,
28-03-19 15:40:40:000000,28-03-19,15:40:40:000000,kitchen,0,,
28-03-19 15:41:20:000000,28-03-19,15:41:20:000000,kitchen,0,,
28-03-19 15:42:00:000000,28-03-19,15:42:00:000000,kitchen,0,,
28-03-19 15:42:40:000000,28-03-19,15:42:40:000000,kitchen,0,,
28-03-19 15:43:20:000000,28-03-19,15:43:20:000000,kitchen,0,,
28-03-19 15:44:00:000000,28-03-19,15:44:00:000000,kitchen,0,,
28-03-19 15:44:40:000000,28-03-19,15:44:40:000000,kitchen,0,,
28-03-19 15:45:20:000000,28-03-19,15:45:20:000000,kitchen,0,,
28-03-19 15:46:00:000000,28-03-19,15:46:00:000000,kitchen,0,,
28-03-19 15:46:40:000000,28-03-19,15:46:40:000000,kitchen,0,,
28-03-19 15:47:20:000000,28-03-19,15:47:20:000000,kitchen,0,,
28-03-19 15:48:00:000000,28-03-19,15:48:00:000000,kitchen,0,,
28-03-19 15:48:40:000000,28-03-19,15:48:40:000000,kitchen,0,,
28-03-19 15:49:20:000000,28-03-19,15:49:20:000000,kitchen,0,,
28-03-19 15:50:00:000000,28-03-19,15:50:00:000000,kitchen,0,,
28-03-19 15:50:40:000000,28-03-19,15:50:40:000000,kitchen,0,,
28-03-19 15:51:20:000000,28-03-19,15:51:20:000000,kitchen,0,,
28-03-19 15:52:00:000000,28-03-19,15:52:00:000000,kitchen,0,,
28-03-19 15:52:40:000000,28-03-19,15:52:40:000000,kitchen,0,,
28-03-19 15:53:20:000000,28-03-19,15:53:20:000000,kitchen,0,,
28-03-19 15:54:00:000000,28-03-19,15:54:00:000000,kitchen,0,,
28-03-19 15:54:40:000000,28-03-19,15:54:40:000000,kitchen,0,,
28-03-19 15:55:20:000000,28-03-19,15:55:20:000000,kitchen,0,,
28-03-19 15:56:00:000000,28-03-19,15:56:00:000000,kitchen,0,,
28-03-19 15:56:40:000000,28-03-19,15:56:40:000000,kitchen,0,,
28-03-19 15:57:20:000000,28-03-19,15:57:20:000000,kitchen,0,,
28-03-19 15:58:00:000000,28-03-19,15:58:00:000000,kitchen,0,,
28-03-19 15:58:40:000000,28-03-19,15:58:40:000000,kitchen,0,,
28-03-19 15:59:20:000000,28-03-19,15:59:20:000000,kitchen,0,,
28-03-19 16:00:00:000000,28-03-19,16:00:00:000000,kitchen,0,,
28-03-19 16:00:40:000000,28-03-19,16:00:40:000000,kitchen,0,,
28-03-19 16:01:20:000000,28-03-19,16:01:20:000000,kitchen,0,,
28-03-19 16:02:00:000000,28-03-19,16:02:00:000000,kitchen,0,,
28-03-19 16:02:40:000000,28-03-19,16:02:40:000000,kitchen,0,,
28-03-19 16:03:20:000000,28-03-19,16:03:20:000000,kitchen,0,,
28-03-19 16:04:00:000000,28-03-19,16:04:00:000000,kitchen,0,,
28-03-19 16:04:40:000000,28-03-19,16:04:40:000000,kitchen,0,,
28-03-19 16:05:20:000000,28-03-19,16:05:20:000000,kitchen,0,,
28-03-19 16:06:00:000000,28-03-19,16:06:00:000000,kitchen,0,,
28-03-19 16:06:40:000000,28-03-19,16:06:40:000000,kitchen,0,,
28-03-19 16:07:20:000000,28-03-19,16:07:20:000000,kitchen,0,,
28-03-19 16:08:00:000000,28-03-19,16:08:00:000000,kitchen,0,,
28-03-19 16:08:40:000000,28-03-19,16:08:40:000000,kitchen,0,,
28-03-19 16:09:20:000000,28-03-19,16:09:20:000000,kitchen,0,,
28-03-19 16:10:00:000000,28-03-19,16:10:00:000000,kitchen,0,,
28-03-19 16:10:40:000000,28-03-19,16:10:40:000000,kitchen,0,,
28-03-19 16:11:20:000000,28-03-19,16:11:20:000000,kitchen,0,,
28-03-19 16:12:00:000000,28-03-19,16:12:00:000000,kitchen,0,,
28-03-19 16:12:40:000000,28-03-19,16:12:40:000000,kitchen,0,,
28-03-19 16:13:20:000000,28-03-19,16:13:20:000000,kitchen,0,,
28-03-19 16:14:00:000000,28-03-19,16:14:00:000000,kitchen,0,,
28-03-19 16:14:40:000000,28-03-19,16:14:40:000000,kitchen,0,,
28-03-19 16:15:20:000000,28-03-19,16:15:20:000000,kitchen,0,,
28-03-19 16:16:00:000000,28-03-19,16:16:00:000000,kitchen,0,,
28-03-19 16:16:40:000000,28-03-19,16:16:40:000000,kitchen,0,,
28-03-19 16:17:20:000000,28-03-19,16:17:20:000000,kitchen,0,,
28-03-19 16:18:00:000000,28-03-19,16:18:00:000000,kitchen,0,,
28-03-19 16:18:40:000000,28-03-19,16:18:40:000000,kitchen,0,,
28-03-19 16:19:20:000000,28-03-19,16:19:20:000000,kitchen,0,,
28-03-19 16:20:00:000000,28-03-19,16:20:00:000000,kitchen,0,,
28-03-19 16:20:40:000000,28-03-19,16:20:40:000000,kitchen,0,,
28-03-19 16:21:20:000000,28-03-19,16:21:20:000000,kitchen,0,,
28-03-19 16:22:00:000000,28-03-19,16:22:00:000000,kitchen,0,,
28-03-19 16:22:40:000000,28-03-19,16:22:40:000000,kitchen,0,,
28-03-19 16:23:20:000000,28-03-19,16:23:20:000000,kitchen,0,,
28-03-19 16:24:00:000000,28-03-19,16:24:00:000000,kitchen,0,,
28-03-19 16:24:40:000000,28-03-19,16:24:40:000000,kitchen,0,,
28-03-19 16:25:20:000000,28-03-19,16:25:20:000000,kitchen,0,,
28-03-19 16:26:00:000000,28-03-19,16:26:00:000000,kitchen,0,,
28-03-19 16:26:40:000000,28-03-19,16:26:40:000000,kitchen,0,,
28-03-19 16:27:20:000000,28-03-19,16:27:20:000000,kitchen,0,,
28-03-19 16:28:00:000000,28-03-19,16:28:00:000000,kitchen,0,,
28-03-19 16:28:40:000000,28-03-19,16:28:40:000000,kitchen,0,,
28-03-19 16:29:20:000000,28-03-19,16:29:20:000000,kitchen,0,,
28-03-19 16:30:00:000000,28-03-19,16:30:00:000000,kitchen,0,,
28-03-19 16:30:40:000000,28-03-19,16:30:40:000000,kitchen,0,,
28-03-19 16:31:20:000000,28-03-19,16:31:20:000000,kitchen,0,,
28-03-19 16:32:00:000000,28-03-19,16:32:00:000000,kitchen,0,,
28-03-19 16:32:40:000000,28-03-19,16:32:40:000000,kitchen,0,,
28-03-19 16:33:20:000000,28-03-19,16:33:20:000000,kitchen,0,,
28-03-19 16:34:00:000000,28-03-19,16:34:00:000000,kitchen,0,,
28-03-19 16:34:40:000000,28-03-19,16:34:40:000000,kitchen,0,,
28-03-19 16:35:20:000000,28-03-19,16:35:20:000000,kitchen,0,,
28-03-19 16:36:00:000000,28-03-19,16:36:00:000000,kitchen,0,,
28-03-19 16:36:40:000000,28-03-19,16:36:40:000000,kitchen,0,,
28-03-19 16:37:20:000000,28-03-19,16:37:20:000000,kitchen,0,,
28-03-19 16:38:00:000000,28-03-19,16:38:00:000000,kitchen,0,,
28-03-19 16:38:40:000000,28-03-19,16:38:40:000000,kitchen,0,,
28-03-19 16:39:20:000000,28-03-19,16:39:20:000000,kitchen,0,,
28-03-19 16:40:00:000000,28-03-19,16:40:00:000000,kitchen,0,,
28-03-19 16:40:40:000000,28-03-19,16:40:40:000000,kitchen,0,,
28-03-19 16:41:20:000000,28-03-19,16:41:20:000000,kitchen,0,,
28-03-19 16:42:00:000000,28-03-19,16:42:00:000000,kitchen,0,,
28-03-19 16:42:40:000000,28-03-19,16:42:40:000000,kitchen,0,,
28-03-19 16:43:20:000000,28-03-19,16:43:20:000000,kitchen,0,,
28-03-19 16:44:00:000000,28-03-19,16:44:00:000000,kitchen,0,,
28-03-19 16:44:40:000000,28-03-19,16:44:40:000000,kitchen,0,,
28-03-19 16:45:20:000000,28-03-19,16:45:20:000000,kitchen,0,,
28-03-19 16:46:00:000000,28-03-19,16:46:00:000000,kitchen,0,,
28-03-19 16:46:40:000000,28-03-19,16:46:40:000000,kitchen,0,,
28-03-19 16:47:20:000000,28-03-19,16:47:20:000000,kitchen,0,,
28-03-19 16:48:00:000000,28-03-19,16:48:00:000000,kitchen,0,,
28-03-19 16:48:40:000000,28-03-19,16:48:40:000000,kitchen,0,,
28-03-19 16:49:20:000000,28-03-19,16:49:20:000000,kitchen,0,,
28-03-19 16:50:00:000000,28-03-19,16:50:00:000000,kitchen,0,,
28-03-19 16:50:40:000000,28-03-19,16:50:40:000000,kitchen,0,,
28-03-19 16:51:20:000000,28-03-19,16:51:20:000000,kitchen,0,,
28-03-19 16:52:00:000000,28-03-19,16:52:00:000000,kitchen,0,,
28-03-19 16:52:40:000000,28-03-19,16:52:40:000000,kitchen,0,,
28-03-19 16:53:20:000000,28-03-19,16:53:20:000000,kitchen,0,,
28-03-19 16:54:00:000000,28-03-19,16:54:00:000000,kitchen,0,,
28-03-19 16:54:40:000000,28-03-19,16:54:40:000000,kitchen,0,,
28-03-19 16:55:20:000000,28-03-19,16:55:20:000000,kitchen,0,,
28-03-19 16:56:00:000000,28-03-19,16:56:00:000000,kitchen,0,,
28-03-19 16:56:40:000000,28-03-19,16:56:40:000000,kitchen,0,,
28-03-19 16:57:20:000000,28-03-19,16:57:20:000000,kitchen,0,,
28-03-19 16:58:00:000000,28-03-19,16:58:00:000000,kitchen,0,,
28-03-19 16:58:40:000000,28-03-19,16:58:40:000000,kitchen,0,,
28-03-19 16:59:20:000000,28-03-19,16:59:20:000000,kitchen,0,,
28-03-19 17:00:00:000000,28-03-19,17:00:00:000000,kitchen,0,,
28-03-19 17:00:40:000000,28-03-19,17:00:40:000000,kitchen,0,,
28-03-19 17:01:20:000000,28-03-19,17:01:20:000000,kitchen,0,,
28-03-19 17:02:00:000000,28-03-19,17:02:00:000000,kitchen,0,,
28-03-19 17:02:40:000000,28-03-19,17:02:40:000000,kitchen,0,,
28-03-19 17:03:20:000000,28-03-19,17:03:20:000000,kitchen,0,,
28-03-19 17:04:00:000000,28-03-19,17:04:00:000000,kitchen,0,,
28-03-19 17:04:40:000000,28-03-19,17:04:40:000000,kitchen,0,,
28-03-19 17:05:20:000000,28-03-19,17:05:20:000000,kitchen,0,,
28-03-19 17:06:00:000000,28-03-19,17:06:00:000000,kitchen,0,,
28-03-19 17:06:40:000000,28-03-19,17:06:40:000000,kitchen,0,,
28-03-19 17:07:20:000000,28-03-19,17:07:20:000000,kitchen,0,,
28-03-19 17:08:00:000000,28-03-19,17:08:00:000000,kitchen,0,,
28-03-19 17:08:40:000000,28-03-19,17:08:40:000000,kitchen,0,,
28-03-19 17:09:20:000000,28-03-19,17:09:20:000000,kitchen,0,,
28-03-19 17:10:00:000000,28-03-19,17:10:00:000000,kitchen,0,,
28-03-19 17:10:40:000000,28-03-19,17:10:40:000000,kitchen,0,,
28-03-19 17:11:20:000000,28-03-19,17:11:20:000000,kitchen,0,,
28-03-19 17:12:00:000000,28-03-19,17:12:00:000000,kitchen,0,,
28-03-19 17:12:40:000000,28-03-19,17:12:40:000000,kitchen,0,,
28-03-19 17:13:20:000000,28-03-19,17:13:20:000000,kitchen,0,,
28-03-19 17:14:00:000000,28-03-19,17:14:00:000000,kitchen,0,,
28-03-19 17:14:40:000000,28-03-19,17:14:40:000000,kitchen,0,,
28-03-19 17:15:20:000000,28-03-19,17:15:20:000000,kitchen,0,,
28-03-19 17:16:00:000000,28-03-19,17:16:00:000000,kitchen,0,,
28-03-19 17:16:40:000000,28-03-19,17:16:40:000000,kitchen,0,,
28-03-19 17:17:20:000000,28-03-19,17:17:20:000000,kitchen,0,,
28-03-19 17:18:00:000000,28-03-19,17:18:00:000000,kitchen,0,,
28-03-19 17:18:40:000000,28-03-19,17:18:40:000000,kitchen,0,,
28-03-19 17:19:20:000000,28-03-19,17:19:20:000000,kitchen,0,,
28-03-19 17:20:00:000000,28-03-19,17:20:00:000000,kitchen,0,,
28-03-19 17:20:40:000000,28-03-19,17:20:40:000000,kitchen,0,,
28-03-19 17:21:20:000000,28-03-19,17:21:20:000000,kitchen,0,,
28-03-19 17:22:00:000000,28-03-19,17:22:00:000000,kitchen,0,,
28-03-19 17:22:40:000000,28-03-19,17:22:40:000000,kitchen,0,,
28-03-19 17:23:20:000000,28-03-19,17:23:20:000000,kitchen,0,,
28-03-19 17:24:00:000000,28-03-19,17:24:00:000000,kitchen,0,,
28-03-19 17:24:40:000000,28-03-19,17:24:40:000000,kitchen,0,,
28-03-19 17:25:20:000000,28-03-19,17:25:20:000000,kitchen,0,,
28-03-19 17:26:00:000000,28-03-19,17:26:00:000000,kitchen,0,,
28-03-19 17:26:40:000000,28-03-19,17:26:40:000000,kitchen,0,,
28-03-19 17:27:20:000000,28-03-19,17:27:20:000000,kitchen,0,,
28-03-19 17:28:00:000000,28-03-19,17:28:00:000000,kitchen,0,,
28-03-19 17:28:40:000000,28-03-19,17:28:40:000000,kitchen,0,,
28-03-19 17:29:20:000000,28-03-19,17:29:20:000000,kitchen,0,,
28-03-19 17:30:00:000000,28-03-19,17:30:00:000000,kitchen,0,,
28-03-19 17:30:40:000000,28-03-19,17:30:40:000000,kitchen,0,,
28-03-19 17:31:20:000000,28-03-19,17:31:20:000000,kitchen,0,,
28-03-19 17:32:00:000000,28-03-19,17:32:00:000000,kitchen,0,,
28-03-19 17:32:40:000000,28-03-19,17:32:40:000000,kitchen,0,,
28-03-19 17:33:20:000000,28-03-19,17:33:20:000000,kitchen,0,,
28-03-19 17:34:00:000000,28-03-19,17:34:00:000000,kitchen,0,,
28-03-19 17:34:40:000000,28-03-19,17:34:40:000000,kitchen,0,,
28-03-19 17:35:20:000000,28-03-19,17:35:20:000000,kitchen,0,,
28-03-19 17:36:00:000000,28-03-19,17:36:00:000000,kitchen,0,,
28-03-19 17:36:40:000000,28-03-19,17:36:40:000000,kitchen,0,,
28-03-19 17:37:20:000000,28-03-19,17:37:20:000000,kitchen,0,,
28-03-19 17:38:00:000000,28-03-19,17:38:00:000000,kitchen,0,,
28-03-19 17:38:40:000000,28-03-19,17:38:40:000000,kitchen,0,,
28-03-19 17:39:20:000000,28-03-19,17:39:20:000000,kitchen,0,,
28-03-19 17:40:00:000000,28-03-19,17:40:00:000000,kitchen,0,,
28-03-19 17:40:40:000000,28-03-19,17:40:40:000000,kitchen,0,,
28-03-19 17:41:20:000000,28-03-19,17:41:20:000000,kitchen,0,,
28-03-19 17:42:00:000000,28-03-19,17:42:00:000000,kitchen,0,,
28-03-19 17:42:40:000000,28-03-19,17:42:40:000000,kitchen,0,,
28-03-19 17:43:20:000000,28-03-19,17:43:20:000000,kitchen,0,,
28-03-19 17:44:00:000000,28-03-19,17:44:00:000000,kitchen,0,,
28-03-19 17:44:40:000000,28-03-19,17:44:40:000000,kitchen,0,,
28-03-19 17:45:20:000000,28-03-19,17:45:20:000000,kitchen,0,,
28-03-19 17:46:00:000000,28-03-19,17:46:00:000000,kitchen,1,,
28-03-19 17:46:40:000000,28-03-19,17:46:40:000000,kitchen,1,,
28-03-19 17:47:20:000000,28-03-19,17:47:20:000000,kitchen,1,,
28-03-19 17:48:00:000000,28-03-19,17:48:00:000000,kitchen,1,,
28-03-19 17:48:40:000000,28-03-19,17:48:40:000000,kitchen,0,,
28-03-19 17:49:20:000000,28-03-19,17:49:20:000000,kitchen,1,,
28-03-19 17:50:00:000000,28-03-19,17:50:00:000000,kitchen,1,,
28-03-19 17:50:40:000000,28-03-19,17:50:40:000000,kitchen,0,,
28-03-19 17:51:20:000000,28-03-19,17:51:20:000000,kitchen,0,,
28-03-19 17:52:00:000000,28-03-19,17:52:00:000000,kitchen,0,,
28-03-19 17:52:40:000000,28-03-19,17:52:40:000000,kitchen,0,,
28-03-19 17:53:20:000000,28-03-19,17:53:20:000000,kitchen,0,,
28-03-19 17:54:00:000000,28-03-19,17:54:00:000000,kitchen,1,,
28-03-19 17:54:40:000000,28-03-19,17:54:40:000000,kitchen,1,,
28-03-19 17:55:20:000000,28-03-19,17:55:20:000000,kitchen,1,,
28-03-19 17:56:00:000000,28-03-19,17:56:00:000000,kitchen,0,,
28-03-19 17:56:40:000000,28-03-19,17:56:40:000000,kitchen,1,,
28-03-19 17:57:20:000000,28-03-19,17:57:20:000000,kitchen,1,,
28-03-19 17:58:00:000000,28-03-19,17:58:00:000000,kitchen,1,,
28-03-19 17:58:40:000000,28-03-19,17:58:40:000000,kitchen,0,,
28-03-19 17:59:20:000000,28-03-19,17:59:20:000000,kitchen,1,,
28-03-19 18:00:00:000000,28-03-19,18:00:00:000000,kitchen,1,,
28-03-19 18:00:40:000000,28-03-19,18:00:40:000000,kitchen,1,,
28-03-19 18:01:20:000000,28-03-19,18:01:20:000000,kitchen,1,,
28-03-19 18:02:00:000000,28-03-19,18:02:00:000000,kitchen,1,,
28-03-19 18:02:40:000000,28-03-19,18:02:40:000000,kitchen,1,,
28-03-19 18:03:20:000000,28-03-19,18:03:20:000000,kitchen,1,,
28-03-19 18:04:00:000000,28-03-19,18:04:00:000000,kitchen,1,,
28-03-19 18:04:40:000000,28-03-19,18:04:40:000000,kitchen,1,,
28-03-19 18:05:20:000000,28-03-19,18:05:20:000000,kitchen,1,,
28-03-19 18:06:00:000000,28-03-19,18:06:00:000000,kitchen,1,,
28-03-19 18:06:40:000000,28-03-19,18:06:40:000000,kitchen,1,,
28-03-19 18:07:20:000000,28-03-19,18:07:20:000000,kitchen,1,,
28-03-19 18:08:00:000000,28-03-19,18:08:00:000000,kitchen,1,,
28-03-19 18:08:40:000000,28-03-19,18:08:40:000000,kitchen,1,,
28-03-19 18:09:20:000000,28-03-19,18:09:20:000000,kitchen,1,,
28-03-19 18:10:00:000000,28-03-19,18:10:00:000000,kitchen,1,,
28-03-19 18:10:40:000000,28-03-19,18:10:40:000000,kitchen,1,,
28-03-19 18:11:20:000000,28-03-19,18:11:20:000000,kitchen,0,,
28-03-19 18:12:00:000000,28-03-19,18:12:00:000000,kitchen,0,,
28-03-19 18:12:40:000000,28-03-19,18:12:40:000000,kitchen,1,,
28-03-19 18:13:20:000000,28-03-19,18:13:20:000000,kitchen,1,,
28-03-19 18:14:00:000000,28-03-19,18:14:00:000000,kitchen,1,,
28-03-19 18:14:40:000000,28-03-19,18:14:40:000000,kitchen,1,,
28-03-19 18:15:20:000000,28-03-19,18:15:20:000000,kitchen,1,,
28-03-19 18:16:00:000000,28-03-19,18:16:00:000000,kitchen,1,,
28-03-19 18:16:40:000000,28-03-19,18:16:40:000000,kitchen,1,,
28-03-19 18:17:20:000000,28-03-19,18:17:20:000000,kitchen,1,,
28-03-19 18:18:00:000000,28-03-19,18:18:00:000000,kitchen,1,,
28-03-19 18:18:40:000000,28-03-19,18:18:40:000000,kitchen,1,,
28-03-19 18:19:20:000000,28-03-19,18:19:20:000000,kitchen,1,,
28-03-19 18:20:00:000000,28-03-19,18:20:00:000000,kitchen,1,,
28-03-19 18:20:40:000000,28-03-19,18:20:40:000000,kitchen,1,,
28-03-19 18:21:20:000000,28-03-19,18:21:20:000000,kitchen,0,,
28-03-19 18:22:00:000000,28-03-19,18:22:00:000000,kitchen,0,,
28-03-19 18:22:40:000000,28-03-19,18:22:40:000000,kitchen,0,,
28-03-19 18:23:20:000000,28-03-19,18:23:20:000000,kitchen,1,,
28-03-19 18:24:00:000000,28-03-19,18:24:00:000000,kitchen,1,,
28-03-19 18:24:40:000000,28-03-19,18:24:40:000000,kitchen,1,,
28-03-19 18:25:20:000000,28-03-19,18:25:20:000000,kitchen,1,,
28-03-19 18:26:00:000000,28-03-19,18:26:00:000000,kitchen,1,,
28-03-19 18:26:40:000000,28-03-19,18:26:40:000000,kitchen,1,,
28-03-19 18:27:20:000000,28-03-19,18:27:20:000000,kitchen,1,,
28-03-19 18:28:00:000000,28-03-19,18:28:00:000000,kitchen,1,,
28-03-19 18:28:40:000000,28-03-19,18:28:40:000000,kitchen,1,,
28-03-19 18:29:20:000000,28-03-19,18:29:20:000000,kitchen,1,,
28-03-19 18:30:00:000000,28-03-19,18:30:00:000000,kitchen,0,,
28-03-19 18:30:40:000000,28-03-19,18:30:40:000000,kitchen,0,,
28-03-19 18:31:20:000000,28-03-19,18:31:20:000000,kitchen,0,,
28-03-19 18:32:00:000000,28-03-19,18:32:00:000000,kitchen,0,,
28-03-19 18:32:40:000000,28-03-19,18:32:40:000000,kitchen,0,,
28-03-19 18:33:20:000000,28-03-19,18:33:20:000000,kitchen,0,,
28-03-19 18:34:00:000000,28-03-19,18:34:00:000000,kitchen,0,,
28-03-19 18:34:40:000000,28-03-19,18:34:40:000000,kitchen,0,,
28-03-19 18:35:20:000000,28-03-19,18:35:20:000000,kitchen,0,,
28-03-19 18:36:00:000000,28-03-19,18:36:00:000000,kitchen,0,,
28-03-19 18:36:40:000000,28-03-19,18:36:40:000000,kitchen,1,,
28-03-19 18:37:20:000000,28-03-19,18:37:20:000000,kitchen,1,,
28-03-19 18:38:00:000000,28-03-19,18:38:00:000000,kitchen,1,,
28-03-19 18:38:40:000000,28-03-19,18:38:40:000000,kitchen,1,,
28-03-19 18:39:20:000000,28-03-19,18:39:20:000000,kitchen,1,,
28-03-19 18:40:00:000000,28-03-19,18:40:00:000000,kitchen,1,,
28-03-19 18:40:40:000000,28-03-19,18:40:40:000000,kitchen,1,,
28-03-19 18:41:20:000000,28-03-19,18:41:20:000000,kitchen,1,,
28-03-19 18:42:00:000000,28-03-19,18:42:00:000000,kitchen,1,,
28-03-19 18:42:40:000000,28-03-19,18:42:40:000000,kitchen,0,,
28-03-19 18:43:20:000000,28-03-19,18:43:20:000000,kitchen,1,,
28-03-19 18:44:00:000000,28-03-19,18:44:00:000000,kitchen,1,,
28-03-19 18:44:40:000000,28-03-19,18:44:40:000000,kitchen,1,,
28-03-19 18:45:20:000000,28-03-19,18:45:20:000000,kitchen,1,,
28-03-19 18:46:00:000000,28-03-19,18:46:00:000000,kitchen,1,,
28-03-19 18:46:40:000000,28-03-19,18:46:40:000000,kitchen,1,,
28-03-19 18:47:20:000000,28-03-19,18:47:20:000000,kitchen,1,,
28-03-19 18:48:00:000000,28-03-19,18:48:00:000000,kitchen,1,,
28-03-19 18:48:40:000000,28-03-19,18:48:40:000000,kitchen,0,,
28-03-19 18:49:20:000000,28-03-19,18:49:20:000000,kitchen,0,,
28-03-19 18:50:00:000000,28-03-19,18:50:00:000000,kitchen,0,,
28-03-19 18:50:40:000000,28-03-19,18:50:40:000000,kitchen,0,,
28-03-19 18:51:20:000000,28-03-19,18:51:20:000000,kitchen,0,,
28-03-19 18:52:00:000000,28-03-19,18:52:00:000000,kitchen,0,,
28-03-19 18:52:40:000000,28-03-19,18:52:40:000000,kitchen,0,,
28-03-19 18:53:20:000000,28-03-19,18:53:20:000000,kitchen,0,,
28-03-19 18:54:00:000000,28-03-19,18:54:00:000000,kitchen,0,,
28-03-19 18:54:40:000000,28-03-19,18:54:40:000000,kitchen,0,,
28-03-19 18:55:20:000000,28-03-19,18:55:20:000000,kitchen,0,,
28-03-19 18:56:00:000000,28-03-19,18:56:00:000000,kitchen,0,,
28-03-19 18:56:40:000000,28-03-19,18:56:40:000000,kitchen,0,,
28-03-19 18:57:20:000000,28-03-19,18:57:20:000000,kitchen,0,,
28-03-2019 18:58:00:000000,28-03-19,18:58:00:000000,kitchen,0,,
28-03-2019 18:58:40:000000,28-03-19,18:58:40:000000,kitchen,0,,
28-03-2019 18:59:20:000000,28-03-19,18:59:20:000000,kitchen,0,,
28-03-2019 19:00:00:000000,28-03-19,19:00:00:000000,kitchen,0,,
28-03-2019 19:00:40:000000,28-03-19,19:00:40:000000,kitchen,0,,
28-03-2019 19:01:20:000000,28-03-19,19:01:20:000000,kitchen,0,,
28-03-2019 19:02:00:000000,28-03-19,19:02:00:000000,kitchen,0,,
28-03-2019 19:02:40:000000,28-03-19,19:02:40:000000,kitchen,0,,
28-03-2019 19:03:20:000000,28-03-19,19:03:20:000000,kitchen,0,,
28-03-2019 19:04:00:000000,28-03-19,19:04:00:000000,kitchen,0,,
28-03-2019 19:04:40:000000,28-03-19,19:04:40:000000,kitchen,0,,
28-03-2019 19:05:20:000000,28-03-19,19:05:20:000000,kitchen,0,,
28-03-2019 19:06:00:000000,28-03-19,19:06:00:000000,kitchen,0,,
28-03-2019 19:06:40:000000,28-03-19,19:06:40:000000,kitchen,0,,
28-03-2019 19:07:20:000000,28-03-19,19:07:20:000000,kitchen,0,,
28-03-2019 19:08:00:000000,28-03-19,19:08:00:000000,kitchen,0,,
28-03-2019 19:08:40:000000,28-03-19,19:08:40:000000,kitchen,0,,
28-03-2019 19:09:20:000000,28-03-19,19:09:20:000000,kitchen,0,,
28-03-2019 19:10:00:000000,28-03-19,19:10:00:000000,kitchen,0,,
28-03-2019 19:10:40:000000,28-03-19,19:10:40:000000,kitchen,0,,
28-03-2019 19:11:20:000000,28-03-19,19:11:20:000000,kitchen,0,,
28-03-2019 19:12:00:000000,28-03-19,19:12:00:000000,kitchen,0,,
28-03-2019 19:12:40:000000,28-03-19,19:12:40:000000,kitchen,0,,
28-03-19 19:13:20:000000,28-03-19,19:13:20:000000,kitchen,0,,
28-03-19 19:14:00:000000,28-03-19,19:14:00:000000,kitchen,0,,
28-03-19 19:14:40:000000,28-03-19,19:14:40:000000,kitchen,0,,
28-03-19 19:15:20:000000,28-03-19,19:15:20:000000,kitchen,0,,
28-03-19 19:16:00:000000,28-03-19,19:16:00:000000,kitchen,0,,
28-03-19 19:16:40:000000,28-03-19,19:16:40:000000,kitchen,0,,
28-03-19 19:17:20:000000,28-03-19,19:17:20:000000,kitchen,0,,
28-03-19 19:18:00:000000,28-03-19,19:18:00:000000,kitchen,0,,
28-03-19 19:18:40:000000,28-03-19,19:18:40:000000,kitchen,0,,
28-03-19 19:19:20:000000,28-03-19,19:19:20:000000,kitchen,0,,
28-03-19 19:20:00:000000,28-03-19,19:20:00:000000,kitchen,0,,
28-03-19 19:20:40:000000,28-03-19,19:20:40:000000,kitchen,0,,
28-03-2019 19:21:20:000000,28-03-19,19:21:20:000000,kitchen,0,,
28-03-2019 19:22:00:000000,28-03-19,19:22:00:000000,kitchen,0,,
28-03-2019 19:22:40:000000,28-03-19,19:22:40:000000,kitchen,0,,
28-03-2019 19:23:20:000000,28-03-19,19:23:20:000000,kitchen,0,,
28-03-2019 19:24:00:000000,28-03-19,19:24:00:000000,kitchen,0,,
28-03-2019 19:24:40:000000,28-03-19,19:24:40:000000,kitchen,0,,
28-03-2019 19:25:20:000000,28-03-19,19:25:20:000000,kitchen,0,,
28-03-2019 19:26:00:000000,28-03-19,19:26:00:000000,kitchen,0,,
28-03-2019 19:26:40:000000,28-03-19,19:26:40:000000,kitchen,0,,
28-03-2019 19:27:20:000000,28-03-19,19:27:20:000000,kitchen,0,,
28-03-2019 19:28:00:000000,28-03-19,19:28:00:000000,kitchen,0,,
28-03-2019 19:28:40:000000,28-03-19,19:28:40:000000,kitchen,0,,
28-03-2019 19:29:20:000000,28-03-19,19:29:20:000000,kitchen,0,,
28-03-2019 19:30:00:000000,28-03-19,19:30:00:000000,kitchen,0,,
28-03-2019 19:30:40:000000,28-03-19,19:30:40:000000,kitchen,0,,
28-03-2019 19:31:20:000000,28-03-19,19:31:20:000000,kitchen,0,,
28-03-2019 19:32:00:000000,28-03-19,19:32:00:000000,kitchen,0,,
28-03-2019 19:32:40:000000,28-03-19,19:32:40:000000,kitchen,0,,
28-03-2019 19:33:20:000000,28-03-19,19:33:20:000000,kitchen,0,,
28-03-2019 19:34:00:000000,28-03-19,19:34:00:000000,kitchen,0,,
28-03-2019 19:34:40:000000,28-03-19,19:34:40:000000,kitchen,0,,
28-03-2019 19:35:20:000000,28-03-19,19:35:20:000000,kitchen,0,,
28-03-2019 19:36:00:000000,28-03-19,19:36:00:000000,kitchen,0,,
28-03-19 19:36:40:000000,28-03-19,19:36:40:000000,kitchen,0,,
28-03-19 19:37:20:000000,28-03-19,19:37:20:000000,kitchen,0,,
28-03-19 19:38:00:000000,28-03-19,19:38:00:000000,kitchen,0,,
28-03-19 19:38:40:000000,28-03-19,19:38:40:000000,kitchen,0,,
28-03-19 19:39:20:000000,28-03-19,19:39:20:000000,kitchen,0,,
28-03-19 19:40:00:000000,28-03-19,19:40:00:000000,kitchen,0,,
28-03-19 19:40:40:000000,28-03-19,19:40:40:000000,kitchen,0,,
28-03-19 19:41:20:000000,28-03-19,19:41:20:000000,kitchen,0,,
28-03-19 19:42:00:000000,28-03-19,19:42:00:000000,kitchen,0,,
28-03-19 19:42:40:000000,28-03-19,19:42:40:000000,kitchen,0,,
28-03-19 19:43:20:000000,28-03-19,19:43:20:000000,kitchen,0,,
28-03-19 19:44:00:000000,28-03-19,19:44:00:000000,kitchen,0,,
28-03-19 19:44:40:000000,28-03-19,19:44:40:000000,kitchen,0,,
28-03-19 19:45:20:000000,28-03-19,19:45:20:000000,kitchen,0,,
28-03-19 19:46:00:000000,28-03-19,19:46:00:000000,kitchen,0,,
28-03-19 19:46:40:000000,28-03-19,19:46:40:000000,kitchen,0,,
28-03-19 19:47:20:000000,28-03-19,19:47:20:000000,kitchen,0,,
28-03-19 19:48:00:000000,28-03-19,19:48:00:000000,kitchen,0,,
28-03-19 19:48:40:000000,28-03-19,19:48:40:000000,kitchen,0,,
28-03-19 19:49:20:000000,28-03-19,19:49:20:000000,kitchen,0,,
28-03-19 19:50:00:000000,28-03-19,19:50:00:000000,kitchen,0,,
28-03-19 19:50:40:000000,28-03-19,19:50:40:000000,kitchen,0,,
28-03-2019 19:51:20:000000,28-03-19,19:51:20:000000,kitchen,0,,
28-03-2019 19:52:00:000000,28-03-19,19:52:00:000000,kitchen,0,,
28-03-2019 19:52:40:000000,28-03-19,19:52:40:000000,kitchen,0,,
28-03-2019 19:53:20:000000,28-03-19,19:53:20:000000,kitchen,0,,
28-03-2019 19:54:00:000000,28-03-19,19:54:00:000000,kitchen,0,,
28-03-2019 19:54:40:000000,28-03-19,19:54:40:000000,kitchen,0,,
28-03-2019 19:55:20:000000,28-03-19,19:55:20:000000,kitchen,0,,
28-03-2019 19:56:00:000000,28-03-19,19:56:00:000000,kitchen,0,,
28-03-2019 19:56:40:000000,28-03-19,19:56:40:000000,kitchen,0,,
28-03-2019 19:57:20:000000,28-03-19,19:57:20:000000,kitchen,0,,
28-03-2019 19:58:00:000000,28-03-19,19:58:00:000000,kitchen,0,,
28-03-2019 19:58:40:000000,28-03-19,19:58:40:000000,kitchen,0,,
28-03-19 19:59:20:000000,28-03-19,19:59:20:000000,kitchen,0,,
28-03-19 20:00:00:000000,28-03-19,20:00:00:000000,kitchen,0,,
28-03-19 20:00:40:000000,28-03-19,20:00:40:000000,kitchen,0,,
28-03-19 20:01:20:000000,28-03-19,20:01:20:000000,kitchen,0,,
28-03-19 20:02:00:000000,28-03-19,20:02:00:000000,kitchen,0,,
28-03-19 20:02:40:000000,28-03-19,20:02:40:000000,kitchen,0,,
28-03-19 20:03:20:000000,28-03-19,20:03:20:000000,kitchen,0,,
28-03-19 20:04:00:000000,28-03-19,20:04:00:000000,kitchen,0,,
28-03-19 20:04:40:000000,28-03-19,20:04:40:000000,kitchen,0,,
28-03-19 20:05:20:000000,28-03-19,20:05:20:000000,kitchen,0,,
28-03-19 20:06:00:000000,28-03-19,20:06:00:000000,kitchen,0,,
28-03-19 20:06:40:000000,28-03-19,20:06:40:000000,kitchen,0,,
28-03-19 20:07:20:000000,28-03-19,20:07:20:000000,kitchen,0,,
28-03-19 20:08:00:000000,28-03-19,20:08:00:000000,kitchen,0,,
28-03-19 20:08:40:000000,28-03-19,20:08:40:000000,kitchen,0,,
28-03-19 20:09:20:000000,28-03-19,20:09:20:000000,kitchen,0,,
28-03-19 20:10:00:000000,28-03-19,20:10:00:000000,kitchen,0,,
28-03-19 20:10:40:000000,28-03-19,20:10:40:000000,kitchen,0,,
28-03-19 20:11:20:000000,28-03-19,20:11:20:000000,kitchen,0,,
28-03-19 20:12:00:000000,28-03-19,20:12:00:000000,kitchen,0,,
28-03-19 20:12:40:000000,28-03-19,20:12:40:000000,kitchen,0,,
28-03-19 20:13:20:000000,28-03-19,20:13:20:000000,kitchen,0,,
28-03-19 20:14:00:000000,28-03-19,20:14:00:000000,kitchen,0,,
28-03-2019 20:14:40:000000,28-03-19,20:14:40:000000,kitchen,0,,
28-03-2019 20:15:20:000000,28-03-19,20:15:20:000000,kitchen,0,,
28-03-2019 20:16:00:000000,28-03-19,20:16:00:000000,kitchen,0,,
28-03-2019 20:16:40:000000,28-03-19,20:16:40:000000,kitchen,0,,
28-03-2019 20:17:20:000000,28-03-19,20:17:20:000000,kitchen,0,,
28-03-2019 20:18:00:000000,28-03-19,20:18:00:000000,kitchen,0,,
28-03-2019 20:18:40:000000,28-03-19,20:18:40:000000,kitchen,0,,
28-03-2019 20:19:20:000000,28-03-19,20:19:20:000000,kitchen,0,,
28-03-2019 20:20:00:000000,28-03-19,20:20:00:000000,kitchen,0,,
28-03-2019 20:20:40:000000,28-03-19,20:20:40:000000,kitchen,0,,
28-03-2019 20:21:20:000000,28-03-19,20:21:20:000000,kitchen,0,,
28-03-19 20:22:00:000000,28-03-19,20:22:00:000000,kitchen,0,,
28-03-19 20:22:40:000000,28-03-19,20:22:40:000000,kitchen,0,,
28-03-19 20:23:20:000000,28-03-19,20:23:20:000000,kitchen,0,,
28-03-19 20:24:00:000000,28-03-19,20:24:00:000000,kitchen,0,,
28-03-19 20:24:40:000000,28-03-19,20:24:40:000000,kitchen,0,,
28-03-19 20:25:20:000000,28-03-19,20:25:20:000000,kitchen,0,,
28-03-19 20:26:00:000000,28-03-19,20:26:00:000000,kitchen,0,,
28-03-19 20:26:40:000000,28-03-19,20:26:40:000000,kitchen,0,,
28-03-19 20:27:20:000000,28-03-19,20:27:20:000000,kitchen,0,,
28-03-19 20:28:00:000000,28-03-19,20:28:00:000000,kitchen,0,,
28-03-19 20:28:40:000000,28-03-19,20:28:40:000000,kitchen,0,,
28-03-19 20:29:20:000000,28-03-19,20:29:20:000000,kitchen,0,,
28-03-19 20:30:00:000000,28-03-19,20:30:00:000000,kitchen,0,,
28-03-19 20:30:40:000000,28-03-19,20:30:40:000000,kitchen,0,,
28-03-19 20:31:20:000000,28-03-19,20:31:20:000000,kitchen,0,,
28-03-19 20:32:00:000000,28-03-19,20:32:00:000000,kitchen,0,,
28-03-19 20:32:40:000000,28-03-19,20:32:40:000000,kitchen,0,,
28-03-19 20:33:20:000000,28-03-19,20:33:20:000000,kitchen,0,,
28-03-19 20:34:00:000000,28-03-19,20:34:00:000000,kitchen,0,,
28-03-19 20:34:40:000000,28-03-19,20:34:40:000000,kitchen,0,,
28-03-19 20:35:20:000000,28-03-19,20:35:20:000000,kitchen,0,,
28-03-19 20:36:00:000000,28-03-19,20:36:00:000000,kitchen,0,,
28-03-19 20:36:40:000000,28-03-19,20:36:40:000000,kitchen,0,,
28-03-19 20:37:20:000000,28-03-19,20:37:20:000000,kitchen,0,,
28-03-19 20:38:00:000000,28-03-19,20:38:00:000000,kitchen,0,,
28-03-19 20:38:40:000000,28-03-19,20:38:40:000000,kitchen,0,,
28-03-19 20:39:20:000000,28-03-19,20:39:20:000000,kitchen,0,,
28-03-19 20:40:00:000000,28-03-19,20:40:00:000000,kitchen,0,,
28-03-19 20:40:40:000000,28-03-19,20:40:40:000000,kitchen,0,,
28-03-19 20:41:20:000000,28-03-19,20:41:20:000000,kitchen,0,,
28-03-19 20:42:00:000000,28-03-19,20:42:00:000000,kitchen,0,,
28-03-19 20:42:40:000000,28-03-19,20:42:40:000000,kitchen,0,,
28-03-19 20:43:20:000000,28-03-19,20:43:20:000000,kitchen,0,,
28-03-19 20:44:00:000000,28-03-19,20:44:00:000000,kitchen,0,,
28-03-19 20:44:40:000000,28-03-19,20:44:40:000000,kitchen,0,,
28-03-19 20:45:20:000000,28-03-19,20:45:20:000000,kitchen,0,,
28-03-19 20:46:00:000000,28-03-19,20:46:00:000000,kitchen,0,,
28-03-19 20:46:40:000000,28-03-19,20:46:40:000000,kitchen,0,,
28-03-19 20:47:20:000000,28-03-19,20:47:20:000000,kitchen,0,,
28-03-19 20:48:00:000000,28-03-19,20:48:00:000000,kitchen,0,,
28-03-19 20:48:40:000000,28-03-19,20:48:40:000000,kitchen,0,,
28-03-19 20:49:20:000000,28-03-19,20:49:20:000000,kitchen,0,,
28-03-19 20:50:00:000000,28-03-19,20:50:00:000000,kitchen,0,,
28-03-19 20:50:40:000000,28-03-19,20:50:40:000000,kitchen,0,,
28-03-19 20:51:20:000000,28-03-19,20:51:20:000000,kitchen,0,,
28-03-19 20:52:00:000000,28-03-19,20:52:00:000000,kitchen,0,,
28-03-19 20:52:40:000000,28-03-19,20:52:40:000000,kitchen,0,,
28-03-19 20:53:20:000000,28-03-19,20:53:20:000000,kitchen,0,,
28-03-19 20:54:00:000000,28-03-19,20:54:00:000000,kitchen,0,,
28-03-19 20:54:40:000000,28-03-19,20:54:40:000000,kitchen,0,,
28-03-19 20:55:20:000000,28-03-19,20:55:20:000000,kitchen,0,,
28-03-19 20:56:00:000000,28-03-19,20:56:00:000000,kitchen,0,,
28-03-19 20:56:40:000000,28-03-19,20:56:40:000000,kitchen,0,,
28-03-19 20:57:20:000000,28-03-19,20:57:20:000000,kitchen,0,,
28-03-19 20:58:00:000000,28-03-19,20:58:00:000000,kitchen,0,,
28-03-19 20:58:40:000000,28-03-19,20:58:40:000000,kitchen,0,,
28-03-19 20:59:20:000000,28-03-19,20:59:20:000000,kitchen,0,,
28-03-19 21:00:00:000000,28-03-19,21:00:00:000000,kitchen,0,,
28-03-19 21:00:40:000000,28-03-19,21:00:40:000000,kitchen,0,,
