bt_date_bt_time,Kitchen Sphere Gateway,Kitchen NUC Video,Hall NUC Video,Living Room NUC Video,Date,Time
2019-03-28 14:59:20,-84.5,,,,28-03-2019,14:59:20:000000
2019-03-28 15:00:00,-85.30985915492958,,,-64.94117647058823,28-03-2019,15:00:00:000000
2019-03-28 15:00:40,-85.04347826086956,,,-65.77777777777777,28-03-2019,15:00:40:000000
2019-03-28 15:01:20,-85.4,-75.5,,-64.6470588235294,28-03-2019,15:01:20:000000
2019-03-28 15:02:00,-85.46376811594203,-75.0,,-64.36363636363636,28-03-2019,15:02:00:000000
2019-03-28 15:02:40,-85.69333333333333,-75.66666666666667,,-64.0,28-03-2019,15:02:40:000000
2019-03-28 15:03:20,-85.47435897435898,-73.5,,-64.66666666666667,28-03-2019,15:03:20:000000
2019-03-28 15:04:00,-85.14492753623189,-75.5,,-65.6923076923077,28-03-2019,15:04:00:000000
2019-03-28 15:04:40,-85.56164383561644,-74.5,,-64.0909090909091,28-03-2019,15:04:40:000000
2019-03-28 15:05:20,-85.48,-75.0,,-64.83333333333333,28-03-2019,15:05:20:000000
2019-03-28 15:06:00,-85.56944444444444,-73.33333333333333,,-63.72222222222222,28-03-2019,15:06:00:000000
2019-03-28 15:06:40,-85.54794520547945,-74.33333333333333,,-64.31818181818181,28-03-2019,15:06:40:000000
2019-03-28 15:07:20,-85.41176470588235,-74.5,,-64.6875,28-03-2019,15:07:20:000000
2019-03-28 15:08:00,-85.78260869565217,-76.5,,-64.3,28-03-2019,15:08:00:000000
2019-03-28 15:08:40,-85.97222222222223,-73.0,-75.0,-64.375,28-03-2019,15:08:40:000000
2019-03-28 15:09:20,-85.71232876712328,,,-64.0,28-03-2019,15:09:20:000000
2019-03-28 15:10:00,-85.3972602739726,-73.16666666666667,,-64.55555555555556,28-03-2019,15:10:00:000000
2019-03-28 15:10:40,-85.56338028169014,-73.0,,-65.72222222222223,28-03-2019,15:10:40:000000
2019-03-28 15:11:20,-85.43055555555556,,,-64.6,28-03-2019,15:11:20:000000
2019-03-28 15:12:00,-85.47297297297297,-73.0,,-65.05882352941177,28-03-2019,15:12:00:000000
2019-03-28 15:12:40,-85.86301369863014,-73.75,,-63.8421052631579,28-03-2019,15:12:40:000000
2019-03-28 15:13:20,-85.24,-73.0,,-65.05555555555556,28-03-2019,15:13:20:000000
2019-03-28 15:14:00,-85.5,-73.0,,-65.08333333333333,28-03-2019,15:14:00:000000
2019-03-28 15:14:40,-85.47222222222223,-74.0,,-64.38461538461539,28-03-2019,15:14:40:000000
2019-03-28 15:15:20,-85.30434782608695,-77.0,,-65.31818181818181,28-03-2019,15:15:20:000000
2019-03-28 15:16:00,-85.24285714285715,-74.2,,-64.95833333333333,28-03-2019,15:16:00:000000
2019-03-28 15:16:40,-85.3970588235294,-74.0,,-65.78571428571429,28-03-2019,15:16:40:000000
2019-03-28 15:17:20,-85.76470588235294,-75.0,,-64.44444444444444,28-03-2019,15:17:20:000000
2019-03-28 15:18:00,-85.45070422535211,-75.0,,-63.75,28-03-2019,15:18:00:000000
2019-03-28 15:18:40,-85.3972602739726,-74.75,,-65.28571428571429,28-03-2019,15:18:40:000000
2019-03-28 15:19:20,-85.76119402985074,-74.14285714285714,,-64.5909090909091,28-03-2019,15:19:20:000000
2019-03-28 15:20:00,-85.52112676056338,-76.4,,-64.8,28-03-2019,15:20:00:000000
2019-03-28 15:20:40,-85.6842105263158,-75.0,,-63.8421052631579,28-03-2019,15:20:40:000000
2019-03-28 15:21:20,-85.59154929577464,-74.0,,-65.125,28-03-2019,15:21:20:000000
2019-03-28 15:22:00,-85.04918032786885,-73.0,,-64.3,28-03-2019,15:22:00:000000
2019-03-28 15:22:40,-85.68115942028986,,,-64.94117647058823,28-03-2019,15:22:40:000000
2019-03-28 15:23:20,-85.25,-75.0,,-64.0,28-03-2019,15:23:20:000000
2019-03-28 15:24:00,-85.35135135135135,-74.0,,-65.36842105263158,28-03-2019,15:24:00:000000
2019-03-28 15:24:40,-85.95652173913044,-73.0,,-63.8235294117647,28-03-2019,15:24:40:000000
2019-03-28 15:25:20,-85.21794871794872,-73.0,,-65.52173913043478,28-03-2019,15:25:20:000000
2019-03-28 15:26:00,-85.3972602739726,-74.0,,-64.07142857142857,28-03-2019,15:26:00:000000
2019-03-28 15:26:40,-85.77333333333333,-76.0,,-64.70370370370371,28-03-2019,15:26:40:000000
2019-03-28 15:27:20,-85.79729729729729,-74.33333333333333,,-64.28571428571429,28-03-2019,15:27:20:000000
2019-03-28 15:28:00,-85.36486486486487,-75.625,,-64.73684210526316,28-03-2019,15:28:00:000000
2019-03-28 15:28:40,-85.38356164383562,-74.66666666666667,,-64.95454545454545,28-03-2019,15:28:40:000000
2019-03-28 15:29:20,-85.70270270270271,-75.33333333333333,,-63.94117647058823,28-03-2019,15:29:20:000000
2019-03-28 15:30:00,-85.31944444444444,-73.5,,-64.625,28-03-2019,15:30:00:000000
2019-03-28 15:30:40,-85.6,-72.5,,-64.95652173913044,28-03-2019,15:30:40:000000
2019-03-28 15:31:20,-85.41891891891892,-75.2,,-64.17647058823529,28-03-2019,15:31:20:000000
2019-03-28 15:32:00,-85.27142857142857,-77.0,,-65.25,28-03-2019,15:32:00:000000
2019-03-28 15:32:40,-85.46575342465754,-73.0,,-63.733333333333334,28-03-2019,15:32:40:000000
2019-03-28 15:33:20,-85.50666666666666,-74.0,,-63.0,28-03-2019,15:33:20:000000
2019-03-28 15:34:00,-85.58333333333333,-73.33333333333333,,-64.75,28-03-2019,15:34:00:000000
2019-03-28 15:34:40,-85.07575757575758,-75.0,,-64.23076923076923,28-03-2019,15:34:40:000000
2019-03-28 15:35:20,-85.95652173913044,-73.5,,-63.81818181818182,28-03-2019,15:35:20:000000
2019-03-28 15:36:00,-85.6,-76.25,,-64.57894736842105,28-03-2019,15:36:00:000000
2019-03-28 15:36:40,-85.8108108108108,-75.0,,-63.8,28-03-2019,15:36:40:000000
2019-03-28 15:37:20,-85.328125,-73.0,,-64.6875,28-03-2019,15:37:20:000000
2019-03-28 15:38:00,-85.45714285714286,-75.0,,-64.65,28-03-2019,15:38:00:000000
2019-03-28 15:38:40,-85.1917808219178,-73.0,,-65.08333333333333,28-03-2019,15:38:40:000000
2019-03-28 15:39:20,-85.71014492753623,-73.5,,-64.6470588235294,28-03-2019,15:39:20:000000
2019-03-28 15:40:00,-85.75675675675676,-76.0,,-64.15789473684211,28-03-2019,15:40:00:000000
2019-03-28 15:40:40,-85.47887323943662,-74.5,,-64.65,28-03-2019,15:40:40:000000
2019-03-28 15:41:20,-85.49295774647888,-75.0,,-64.91666666666667,28-03-2019,15:41:20:000000
2019-03-28 15:42:00,-85.33333333333333,-75.25,,-64.83333333333333,28-03-2019,15:42:00:000000
2019-03-28 15:42:40,-85.24324324324324,-74.4,,-64.6923076923077,28-03-2019,15:42:40:000000
2019-03-28 15:43:20,-85.44444444444444,-74.0,,-64.57142857142857,28-03-2019,15:43:20:000000
2019-03-28 15:44:00,-85.3972602739726,-74.0,,-64.5,28-03-2019,15:44:00:000000
2019-03-28 15:44:40,-85.39189189189189,-74.16666666666667,,-64.78571428571429,28-03-2019,15:44:40:000000
2019-03-28 15:45:20,-85.22388059701493,-76.0,,-66.0,28-03-2019,15:45:20:000000
2019-03-28 15:46:00,-85.3768115942029,-74.2,,-66.0,28-03-2019,15:46:00:000000
2019-03-28 15:46:40,-85.02898550724638,-73.0,,-65.78571428571429,28-03-2019,15:46:40:000000
2019-03-28 15:47:20,-85.54666666666667,-74.66666666666667,,-64.33333333333333,28-03-2019,15:47:20:000000
2019-03-28 15:48:00,-85.33333333333333,-73.0,-75.0,-64.36363636363636,28-03-2019,15:48:00:000000
2019-03-28 15:48:40,-85.47945205479452,-73.5,,-65.125,28-03-2019,15:48:40:000000
2019-03-28 15:49:20,-85.08571428571429,-72.5,,-64.86666666666666,28-03-2019,15:49:20:000000
2019-03-28 15:50:00,-85.5,-73.5,,-64.41666666666667,28-03-2019,15:50:00:000000
2019-03-28 15:50:40,-85.52857142857142,-74.0,,-64.16666666666667,28-03-2019,15:50:40:000000
2019-03-28 15:51:20,-85.19718309859155,-73.5,,-65.15384615384616,28-03-2019,15:51:20:000000
2019-03-28 15:52:00,-85.32876712328768,-73.33333333333333,,-64.14285714285714,28-03-2019,15:52:00:000000
2019-03-28 15:52:40,-85.36986301369863,-75.0,,-64.15384615384616,28-03-2019,15:52:40:000000
2019-03-28 15:53:20,-85.27777777777777,-75.5,,-64.0,28-03-2019,15:53:20:000000
2019-03-28 15:54:00,-85.1470588235294,-76.0,,-65.15384615384616,28-03-2019,15:54:00:000000
2019-03-28 15:54:40,-85.83333333333333,-72.5,,-64.25,28-03-2019,15:54:40:000000
2019-03-28 15:55:20,-85.36986301369863,-73.0,,-64.96296296296296,28-03-2019,15:55:20:000000
2019-03-28 15:56:00,-85.5,,,-64.26666666666667,28-03-2019,15:56:00:000000
2019-03-28 15:56:40,-85.62666666666667,-73.0,,-65.17647058823529,28-03-2019,15:56:40:000000
2019-03-28 15:57:20,-85.59154929577464,-72.5,-73.0,-64.25,28-03-2019,15:57:20:000000
2019-03-28 15:58:00,-85.34722222222223,-73.0,,-64.6470588235294,28-03-2019,15:58:00:000000
2019-03-28 15:58:40,-85.50819672131148,,,-64.77777777777777,28-03-2019,15:58:40:000000
2019-03-28 15:59:20,-85.61333333333333,-74.33333333333333,,-64.3076923076923,28-03-2019,15:59:20:000000
2019-03-28 16:00:00,-85.63013698630137,-73.0,,-64.65,28-03-2019,16:00:00:000000
2019-03-28 16:00:40,-85.21126760563381,-75.6,,-65.33333333333333,28-03-2019,16:00:40:000000
2019-03-28 16:01:20,-85.62857142857143,-76.0,,-64.14285714285714,28-03-2019,16:01:20:000000
2019-03-28 16:02:00,-85.828125,-76.5,,-64.07142857142857,28-03-2019,16:02:00:000000
2019-03-28 16:02:40,-85.33333333333333,-73.0,,-65.16666666666667,28-03-2019,16:02:40:000000
2019-03-28 16:03:20,-85.6376811594203,-73.0,,-63.53333333333333,28-03-2019,16:03:20:000000
2019-03-28 16:04:00,-85.41176470588235,-73.25,,-66.0,28-03-2019,16:04:00:000000
2019-03-28 16:04:40,-85.59154929577464,-77.0,,-65.42857142857143,28-03-2019,16:04:40:000000
2019-03-28 16:05:20,-85.421875,-74.25,,-65.07692307692308,28-03-2019,16:05:20:000000
2019-03-28 16:06:00,-85.2,-74.5,,-65.66666666666667,28-03-2019,16:06:00:000000
2019-03-28 16:06:40,-85.32835820895522,-73.0,,-64.8,28-03-2019,16:06:40:000000
2019-03-28 16:07:20,-85.22535211267606,-74.0,,-64.82352941176471,28-03-2019,16:07:20:000000
2019-03-28 16:08:00,-85.36842105263158,-75.25,,-65.61111111111111,28-03-2019,16:08:00:000000
2019-03-28 16:08:40,-85.28985507246377,-74.33333333333333,,-65.1875,28-03-2019,16:08:40:000000
2019-03-28 16:09:20,-85.3013698630137,-76.0,,-65.6470588235294,28-03-2019,16:09:20:000000
2019-03-28 16:10:00,-85.58823529411765,-76.0,,-64.0,28-03-2019,16:10:00:000000
2019-03-28 16:10:40,-85.81818181818181,,,-65.0,28-03-2019,16:10:40:000000
2019-03-28 16:11:20,-85.51388888888889,-75.0,,-64.21052631578948,28-03-2019,16:11:20:000000
2019-03-28 16:12:00,-85.54054054054055,-76.0,,-65.44444444444444,28-03-2019,16:12:00:000000
2019-03-28 16:12:40,-85.46575342465754,-73.0,,-64.81818181818181,28-03-2019,16:12:40:000000
2019-03-28 16:13:20,-85.63380281690141,-74.2,,-64.35714285714286,28-03-2019,16:13:20:000000
2019-03-28 16:14:00,-85.48529411764706,-77.0,,-65.33333333333333,28-03-2019,16:14:00:000000
2019-03-28 16:14:40,-85.66666666666667,-76.33333333333333,,-64.58333333333333,28-03-2019,16:14:40:000000
2019-03-28 16:15:20,-85.46875,-73.0,,-65.0,28-03-2019,16:15:20:000000
2019-03-28 16:16:00,-85.3623188405797,-75.66666666666667,,-64.14285714285714,28-03-2019,16:16:00:000000
2019-03-28 16:16:40,-85.19402985074628,-73.75,,-65.0,28-03-2019,16:16:40:000000
2019-03-28 16:17:20,-85.40298507462687,,,-64.875,28-03-2019,16:17:20:000000
2019-03-28 16:18:00,-85.70588235294117,-74.4,,-65.36363636363636,28-03-2019,16:18:00:000000
2019-03-28 16:18:40,-85.35714285714286,-76.0,,-64.5,28-03-2019,16:18:40:000000
2019-03-28 16:19:20,-85.21917808219177,-76.0,,-65.0,28-03-2019,16:19:20:000000
2019-03-28 16:20:00,-85.51470588235294,-74.33333333333333,,-64.0909090909091,28-03-2019,16:20:00:000000
2019-03-28 16:20:40,-85.38888888888889,-74.5,,-65.44444444444444,28-03-2019,16:20:40:000000
2019-03-28 16:21:20,-85.3,-74.75,,-64.5,28-03-2019,16:21:20:000000
2019-03-28 16:22:00,-85.41333333333333,-74.75,,-64.85,28-03-2019,16:22:00:000000
2019-03-28 16:22:40,-85.72727272727273,-74.5,,-63.9,28-03-2019,16:22:40:000000
2019-03-28 16:23:20,-85.42028985507247,,,-64.875,28-03-2019,16:23:20:000000
2019-03-28 16:24:00,-85.30985915492958,-73.4,,-64.6923076923077,28-03-2019,16:24:00:000000
2019-03-28 16:24:40,-85.27692307692308,-74.0,,-64.0909090909091,28-03-2019,16:24:40:000000
2019-03-28 16:25:20,-85.48484848484848,-75.14285714285714,,-65.13333333333334,28-03-2019,16:25:20:000000
2019-03-28 16:26:00,-85.32857142857142,-74.0,,-64.41666666666667,28-03-2019,16:26:00:000000
2019-03-28 16:26:40,-85.59154929577464,-72.5,,-64.3529411764706,28-03-2019,16:26:40:000000
2019-03-28 16:27:20,-85.57534246575342,-73.66666666666667,,-63.75,28-03-2019,16:27:20:000000
2019-03-28 16:28:00,-85.43055555555556,-74.2,,-64.4,28-03-2019,16:28:00:000000
2019-03-28 16:28:40,-85.33802816901408,-78.0,,-64.46666666666667,28-03-2019,16:28:40:000000
2019-03-28 16:29:20,-85.34722222222223,-76.0,,-65.3125,28-03-2019,16:29:20:000000
2019-03-28 16:30:00,-85.82352941176471,-73.0,,-64.0625,28-03-2019,16:30:00:000000
2019-03-28 16:30:40,-85.71014492753623,-75.0,,-64.19047619047619,28-03-2019,16:30:40:000000
2019-03-28 16:31:20,-85.29333333333334,-73.0,-73.0,-63.857142857142854,28-03-2019,16:31:20:000000
2019-03-28 16:32:00,-85.5,,,-64.92307692307692,28-03-2019,16:32:00:000000
2019-03-28 16:32:40,-85.6027397260274,-75.4,,-63.44444444444444,28-03-2019,16:32:40:000000
2019-03-28 16:33:20,-85.33823529411765,-75.25,,-63.93333333333333,28-03-2019,16:33:20:000000
2019-03-28 16:34:00,-85.76388888888889,-74.8,,-64.3157894736842,28-03-2019,16:34:00:000000
2019-03-28 16:34:40,-85.61643835616438,-74.33333333333333,,-64.78571428571429,28-03-2019,16:34:40:000000
2019-03-28 16:35:20,-85.43283582089552,-75.0,,-64.53333333333333,28-03-2019,16:35:20:000000
2019-03-28 16:36:00,-85.31343283582089,-75.8,,-64.38888888888889,28-03-2019,16:36:00:000000
2019-03-28 16:36:40,-85.79166666666667,-74.75,,-64.5,28-03-2019,16:36:40:000000
2019-03-28 16:37:20,-85.16901408450704,-75.66666666666667,,-64.64285714285714,28-03-2019,16:37:20:000000
2019-03-28 16:38:00,-85.37142857142857,-74.66666666666667,,-64.73333333333333,28-03-2019,16:38:00:000000
2019-03-28 16:38:40,-85.6086956521739,-75.66666666666667,,-64.15789473684211,28-03-2019,16:38:40:000000
2019-03-28 16:39:20,-84.94202898550725,-76.66666666666667,,-64.91666666666667,28-03-2019,16:39:20:000000
2019-03-28 16:40:00,-85.56,-74.75,,-64.26666666666667,28-03-2019,16:40:00:000000
2019-03-28 16:40:40,-85.45588235294117,-77.0,,-64.54545454545455,28-03-2019,16:40:40:000000
2019-03-28 16:41:20,-85.6268656716418,-72.66666666666667,,-63.421052631578945,28-03-2019,16:41:20:000000
2019-03-28 16:42:00,-85.3157894736842,-74.0,,-64.78571428571429,28-03-2019,16:42:00:000000
2019-03-28 16:42:40,-85.40845070422536,-76.125,,-65.0625,28-03-2019,16:42:40:000000
2019-03-28 16:43:20,-85.46478873239437,-73.0,,-65.58823529411765,28-03-2019,16:43:20:000000
2019-03-28 16:44:00,-85.85507246376811,-73.0,,-63.61538461538461,28-03-2019,16:44:00:000000
2019-03-28 16:44:40,-86.38028169014085,-74.0,,-64.10526315789474,28-03-2019,16:44:40:000000
2019-03-28 16:45:20,-85.26666666666667,-77.0,,-64.0,28-03-2019,16:45:20:000000
2019-03-28 16:46:00,-83.1830985915493,,,-65.23529411764706,28-03-2019,16:46:00:000000
2019-03-28 16:46:40,-82.67605633802818,,,-62.61538461538461,28-03-2019,16:46:40:000000
2019-03-28 16:47:20,-82.84507042253522,,-73.0,-63.9,28-03-2019,16:47:20:000000
2019-03-28 16:48:00,-82.83333333333333,,,-64.92857142857143,28-03-2019,16:48:00:000000
2019-03-28 16:48:40,-83.23188405797102,,,-65.28571428571429,28-03-2019,16:48:40:000000
2019-03-28 16:49:20,-83.34722222222223,-78.0,,-64.76923076923077,28-03-2019,16:49:20:000000
2019-03-28 16:50:00,-83.63888888888889,,,-63.2,28-03-2019,16:50:00:000000
2019-03-28 16:50:40,-83.73972602739725,,,-65.38461538461539,28-03-2019,16:50:40:000000
2019-03-28 16:51:20,-84.16901408450704,,,-63.214285714285715,28-03-2019,16:51:20:000000
2019-03-28 16:52:00,-83.70422535211267,-75.0,,-64.04545454545455,28-03-2019,16:52:00:000000
2019-03-28 16:52:40,-83.3529411764706,-66.5,-72.0,-62.36363636363637,28-03-2019,16:52:40:000000
2019-03-28 16:53:20,-79.21126760563381,-71.83333333333333,,-64.19047619047619,28-03-2019,16:53:20:000000
2019-03-28 16:54:00,-80.45833333333333,-70.66666666666667,,-64.0,28-03-2019,16:54:00:000000
2019-03-28 16:54:40,-80.94444444444444,-71.83333333333333,,-63.22222222222222,28-03-2019,16:54:40:000000
2019-03-28 16:55:20,-80.81333333333333,-72.125,,-64.16666666666667,28-03-2019,16:55:20:000000
2019-03-28 16:56:00,-80.43661971830986,-71.25,,-64.86666666666666,28-03-2019,16:56:00:000000
2019-03-28 16:56:40,-80.78571428571429,-72.55555555555556,,-64.0,28-03-2019,16:56:40:000000
2019-03-28 16:57:20,-80.31506849315069,-72.25,,-64.91666666666667,28-03-2019,16:57:20:000000
2019-03-28 16:58:00,-80.98648648648648,-72.125,,-65.2,28-03-2019,16:58:00:000000
2019-03-28 16:58:40,-82.45205479452055,-71.2,,-64.58823529411765,28-03-2019,16:58:40:000000
2019-03-28 16:59:20,-84.36486486486487,-70.83333333333333,,-63.0,28-03-2019,16:59:20:000000
2019-03-28 17:00:00,-85.4225352112676,-71.18181818181819,,-62.833333333333336,28-03-2019,17:00:00:000000
2019-03-28 17:00:40,-82.7605633802817,-72.8,,-64.36363636363636,28-03-2019,17:00:40:000000
2019-03-28 17:01:20,-81.17808219178082,-73.0,,-62.8235294117647,28-03-2019,17:01:20:000000
2019-03-28 17:02:00,-82.36986301369863,-72.0,,-63.4375,28-03-2019,17:02:00:000000
2019-03-28 17:02:40,-80.38888888888889,-71.5,,-63.64705882352941,28-03-2019,17:02:40:000000
2019-03-28 17:03:20,-83.12328767123287,-70.75,,-65.45454545454545,28-03-2019,17:03:20:000000
2019-03-28 17:04:00,-83.5,-67.75,,-64.0909090909091,28-03-2019,17:04:00:000000
2019-03-28 17:04:40,-82.26027397260275,-70.25,,-65.66666666666667,28-03-2019,17:04:40:000000
2019-03-28 17:05:20,-81.64,-70.4,,-65.375,28-03-2019,17:05:20:000000
2019-03-28 17:06:00,-81.56164383561644,-67.0,,-63.9375,28-03-2019,17:06:00:000000
2019-03-28 17:06:40,-83.57142857142857,-68.81818181818181,,-63.92307692307692,28-03-2019,17:06:40:000000
2019-03-28 17:07:20,-82.89285714285714,-65.1,,-65.33333333333333,28-03-2019,17:07:20:000000
2019-03-28 17:08:00,-83.42857142857143,-69.33333333333333,,-64.22222222222223,28-03-2019,17:08:00:000000
2019-03-28 17:08:40,-83.01408450704226,-67.5,,-63.5,28-03-2019,17:08:40:000000
2019-03-28 17:09:20,-83.05555555555556,-64.61538461538461,,-64.71428571428571,28-03-2019,17:09:20:000000
2019-03-28 17:10:00,-84.28070175438596,-67.875,,-65.1,28-03-2019,17:10:00:000000
2019-03-28 17:10:40,-83.9298245614035,-68.14285714285714,,-63.625,28-03-2019,17:10:40:000000
2019-03-28 17:11:20,-82.41935483870968,-71.66666666666667,,-64.77777777777777,28-03-2019,17:11:20:000000
2019-03-28 17:12:00,-82.703125,-70.25,,-64.2,28-03-2019,17:12:00:000000
2019-03-28 17:12:40,-81.1063829787234,-73.0,,-64.42857142857143,28-03-2019,17:12:40:000000
2019-03-28 17:13:20,-81.05797101449275,-67.22222222222223,,-64.11111111111111,28-03-2019,17:13:20:000000
2019-03-28 17:14:00,-82.39393939393939,-70.9,,-65.42857142857143,28-03-2019,17:14:00:000000
2019-03-28 17:14:40,-82.70833333333333,-71.75,,-63.166666666666664,28-03-2019,17:14:40:000000
2019-03-28 17:15:20,-82.91666666666667,-68.66666666666667,,-64.9090909090909,28-03-2019,17:15:20:000000
2019-03-28 17:16:00,-82.10909090909091,-67.33333333333333,,-63.0,28-03-2019,17:16:00:000000
2019-03-28 17:16:40,-78.47142857142858,-73.0,-62.5,-64.0,28-03-2019,17:16:40:000000
2019-03-28 17:17:20,-68.36666666666666,-69.42857142857143,,-62.22222222222222,28-03-2019,17:17:20:000000
2019-03-28 17:18:00,-63.0,,,-64.0,28-03-2019,17:18:00:000000
2019-03-28 17:18:40,-63.31818181818182,-67.5,,-64.0,28-03-2019,17:18:40:000000
2019-03-28 17:19:20,-59.18181818181818,-71.0,,-62.75,28-03-2019,17:19:20:000000
2019-03-28 17:20:00,-63.421052631578945,-74.0,,,28-03-2019,17:20:00:000000
2019-03-28 17:20:40,-63.604166666666664,-74.33333333333333,,-66.0,28-03-2019,17:20:40:000000
2019-03-28 17:21:20,-63.97222222222222,-69.4,,-66.25,28-03-2019,17:21:20:000000
2019-03-28 17:22:00,-78.11764705882354,-71.0,-66.5,-64.28571428571429,28-03-2019,17:22:00:000000
2019-03-28 17:22:40,-80.73584905660377,,-64.0,-63.142857142857146,28-03-2019,17:22:40:000000
2019-03-28 17:23:20,-79.13207547169812,-74.0,-60.25,-65.41666666666667,28-03-2019,17:23:20:000000
2019-03-28 17:24:00,-80.58620689655173,-76.0,-66.0,-64.25,28-03-2019,17:24:00:000000
2019-03-28 17:24:40,-78.07692307692308,-65.5,,-68.0,28-03-2019,17:24:40:000000
2019-03-28 17:25:20,-69.6,,,-66.75,28-03-2019,17:25:20:000000
2019-03-28 17:26:00,-74.8,-69.33333333333333,,-64.33333333333333,28-03-2019,17:26:00:000000
2019-03-28 17:26:40,-78.47619047619048,,,-64.0,28-03-2019,17:26:40:000000
2019-03-28 17:27:20,-76.61194029850746,-69.4,-67.0,-65.0,28-03-2019,17:27:20:000000
2019-03-28 17:28:00,-65.44067796610169,-73.8,,-64.6,28-03-2019,17:28:00:000000
2019-03-28 17:28:40,-61.89473684210526,-67.6,,-66.0,28-03-2019,17:28:40:000000
2019-03-28 17:29:20,-61.68518518518518,-74.83333333333333,,-66.0,28-03-2019,17:29:20:000000
2019-03-28 17:30:00,-64.41269841269842,-73.5,,-64.0,28-03-2019,17:30:00:000000
2019-03-28 17:30:40,-71.27272727272727,-73.0,,-64.2,28-03-2019,17:30:40:000000
2019-03-28 17:31:20,-68.14925373134328,-70.66666666666667,,-65.16666666666667,28-03-2019,17:31:20:000000
2019-03-28 17:32:00,-75.05479452054794,-69.66666666666667,-69.0,-66.33333333333333,28-03-2019,17:32:00:000000
2019-03-28 17:32:40,-72.48,-70.2,-73.0,-63.333333333333336,28-03-2019,17:32:40:000000
2019-03-28 17:33:20,-67.40677966101696,-68.5,,-65.0,28-03-2019,17:33:20:000000
2019-03-28 17:34:00,-67.8157894736842,-69.5,,-65.28571428571429,28-03-2019,17:34:00:000000
2019-03-28 17:34:40,-63.458333333333336,-72.5,,-64.625,28-03-2019,17:34:40:000000
2019-03-28 17:35:20,-67.27777777777777,-70.16666666666667,,-62.25,28-03-2019,17:35:20:000000
2019-03-28 17:36:00,-65.01369863013699,-69.6,,-63.0,28-03-2019,17:36:00:000000
2019-03-28 17:36:40,-63.15492957746479,-72.7,,-64.8,28-03-2019,17:36:40:000000
2019-03-28 17:37:20,-64.47619047619048,-69.0,,-64.33333333333333,28-03-2019,17:37:20:000000
2019-03-28 17:38:00,-66.67213114754098,-65.28571428571429,,-66.28571428571429,28-03-2019,17:38:00:000000
2019-03-28 17:38:40,-68.47058823529412,-70.42857142857143,,-64.66666666666667,28-03-2019,17:38:40:000000
2019-03-28 17:39:20,-63.67605633802817,-69.4,,-64.33333333333333,28-03-2019,17:39:20:000000
2019-03-28 17:40:00,-68.8,-68.0,,-66.5,28-03-2019,17:40:00:000000
2019-03-28 17:40:40,-70.08571428571429,-67.0,-70.0,-65.66666666666667,28-03-2019,17:40:40:000000
2019-03-28 17:41:20,-62.87234042553192,-69.5,,-68.0,28-03-2019,17:41:20:000000
2019-03-28 17:42:00,-61.44285714285714,-74.83333333333333,,-65.4,28-03-2019,17:42:00:000000
2019-03-28 17:42:40,-61.791044776119406,-76.75,,-65.0,28-03-2019,17:42:40:000000
2019-03-28 17:43:20,-60.2093023255814,-70.33333333333333,,-65.0,28-03-2019,17:43:20:000000
2019-03-28 17:44:00,-67.90666666666667,-67.125,,-64.83333333333333,28-03-2019,17:44:00:000000
2019-03-28 17:44:40,-75.23529411764706,-70.33333333333333,,-65.14285714285714,28-03-2019,17:44:40:000000
2019-03-28 17:45:20,-75.74418604651163,-75.66666666666667,,-64.0,28-03-2019,17:45:20:000000
2019-03-28 17:46:00,-68.63076923076923,-70.54545454545455,,-65.66666666666667,28-03-2019,17:46:00:000000
2019-03-28 17:46:40,-63.407407407407405,-72.3,,-63.6,28-03-2019,17:46:40:000000
2019-03-28 17:47:20,-66.77358490566037,-72.0,,-64.0,28-03-2019,17:47:20:000000
2019-03-28 17:48:00,-60.907407407407405,-71.2,,-66.33333333333333,28-03-2019,17:48:00:000000
2019-03-28 17:48:40,-70.33333333333333,-65.0,,-66.33333333333333,28-03-2019,17:48:40:000000
2019-03-28 17:49:20,-62.58108108108108,-70.6,,-63.8,28-03-2019,17:49:20:000000
2019-03-28 17:50:00,-63.486486486486484,-68.66666666666667,,-64.5,28-03-2019,17:50:00:000000
2019-03-28 17:50:40,-68.9090909090909,-66.0,,,28-03-2019,17:50:40:000000
2019-03-28 17:51:20,-75.34210526315789,-75.14285714285714,-65.0,-68.0,28-03-2019,17:51:20:000000
2019-03-28 17:52:00,-77.72727272727273,,,-68.25,28-03-2019,17:52:00:000000
2019-03-28 17:52:40,-78.98113207547169,-73.0,,-62.0,28-03-2019,17:52:40:000000
2019-03-28 17:53:20,-66.75925925925925,-72.875,,-66.25,28-03-2019,17:53:20:000000
2019-03-28 17:54:00,-72.50943396226415,-66.6,,-65.66666666666667,28-03-2019,17:54:00:000000
2019-03-28 17:54:40,-64.82456140350877,-72.0,,-65.0,28-03-2019,17:54:40:000000
2019-03-28 17:55:20,-64.91891891891892,-72.0,,-66.33333333333333,28-03-2019,17:55:20:000000
2019-03-28 17:56:00,-59.23529411764706,-70.42857142857143,,-63.0,28-03-2019,17:56:00:000000
2019-03-28 17:56:40,-75.4920634920635,-70.86666666666666,,-67.42857142857143,28-03-2019,17:56:40:000000
2019-03-28 17:57:20,-72.95744680851064,-70.83333333333333,-72.0,-63.0,28-03-2019,17:57:20:000000
2019-03-28 17:58:00,-69.68115942028986,-71.77777777777777,,-65.58333333333333,28-03-2019,17:58:00:000000
2019-03-28 17:58:40,-75.44680851063829,-73.25,-66.0,-64.4,28-03-2019,17:58:40:000000
2019-03-28 17:59:20,-79.78260869565217,-75.8,,-64.75,28-03-2019,17:59:20:000000
2019-03-28 18:00:00,-78.88095238095238,-77.0,-71.0,-65.85714285714286,28-03-2019,18:00:00:000000
2019-03-28 18:00:40,-78.515625,-72.66666666666667,-69.0,-66.5,28-03-2019,18:00:40:000000
2019-03-28 18:01:20,-80.13846153846154,-70.66666666666667,-69.5,-66.66666666666667,28-03-2019,18:01:20:000000
2019-03-28 18:02:00,-80.3,-74.0,-67.6,-63.166666666666664,28-03-2019,18:02:00:000000
2019-03-28 18:02:40,-79.68656716417911,,-68.25,-66.16666666666667,28-03-2019,18:02:40:000000
2019-03-28 18:03:20,-79.54166666666667,-73.66666666666667,-67.8,-64.0,28-03-2019,18:03:20:000000
2019-03-28 18:04:00,-79.28260869565217,-70.5,-65.5,-64.66666666666667,28-03-2019,18:04:00:000000
2019-03-28 18:04:40,-70.94642857142857,-70.1,-67.0,-66.45454545454545,28-03-2019,18:04:40:000000
2019-03-28 18:05:20,-65.89830508474576,-67.66666666666667,,-66.0,28-03-2019,18:05:20:000000
2019-03-28 18:06:00,-65.94366197183099,-70.33333333333333,,-66.4,28-03-2019,18:06:00:000000
2019-03-28 18:06:40,-66.17021276595744,-69.33333333333333,,-61.8,28-03-2019,18:06:40:000000
2019-03-28 18:07:20,-64.12820512820512,-66.66666666666667,,-63.857142857142854,28-03-2019,18:07:20:000000
2019-03-28 18:08:00,-64.06410256410257,-69.4,,-64.55555555555556,28-03-2019,18:08:00:000000
2019-03-28 18:08:40,-62.56818181818182,-70.33333333333333,,-65.85714285714286,28-03-2019,18:08:40:000000
2019-03-28 18:09:20,-65.22222222222223,-64.5,,-62.5,28-03-2019,18:09:20:000000
2019-03-28 18:10:00,-71.07936507936508,-75.0,,-65.83333333333333,28-03-2019,18:10:00:000000
2019-03-28 18:10:40,-81.09803921568627,-68.0,-62.666666666666664,-64.5,28-03-2019,18:10:40:000000
2019-03-28 18:11:20,-70.27536231884058,-76.0,,-65.0,28-03-2019,18:11:20:000000
2019-03-28 18:12:00,-64.37254901960785,-71.0,,-66.5,28-03-2019,18:12:00:000000
2019-03-28 18:12:40,-68.14285714285714,-69.6,,-64.33333333333333,28-03-2019,18:12:40:000000
2019-03-28 18:13:20,-65.67164179104478,-68.5,,-62.666666666666664,28-03-2019,18:13:20:000000
2019-03-28 18:14:00,-68.20754716981132,-70.0,,-62.0,28-03-2019,18:14:00:000000
2019-03-28 18:14:40,-63.63235294117647,-69.7,,-63.583333333333336,28-03-2019,18:14:40:000000
2019-03-28 18:15:20,-74.0,-70.16666666666667,-72.0,-63.55555555555556,28-03-2019,18:15:20:000000
2019-03-28 18:16:00,-82.52459016393442,-70.0,,-63.411764705882355,28-03-2019,18:16:00:000000
2019-03-28 18:16:40,-84.18055555555556,-72.5,,-62.529411764705884,28-03-2019,18:16:40:000000
2019-03-28 18:17:20,-83.83561643835617,-74.0,-73.0,-63.266666666666666,28-03-2019,18:17:20:000000
2019-03-28 18:18:00,-84.40579710144928,-74.33333333333333,-71.5,-65.06666666666666,28-03-2019,18:18:00:000000
2019-03-28 18:18:40,-85.0,-76.5,,-64.05263157894737,28-03-2019,18:18:40:000000
2019-03-28 18:19:20,-84.74285714285715,-76.0,-71.0,-63.65384615384615,28-03-2019,18:19:20:000000
2019-03-28 18:20:00,-84.38888888888889,-76.0,-71.5,-63.90909090909091,28-03-2019,18:20:00:000000
2019-03-28 18:20:40,-84.6923076923077,,,-64.82352941176471,28-03-2019,18:20:40:000000
2019-03-28 18:21:20,-84.2,,,-67.0,28-03-2019,18:21:20:000000
2019-03-28 18:22:00,-84.33333333333333,,,-62.666666666666664,28-03-2019,18:22:00:000000
2019-03-28 18:22:40,-84.28205128205128,-75.0,-71.0,-64.16666666666667,28-03-2019,18:22:40:000000
2019-03-28 18:23:20,-84.25373134328358,-77.0,-72.0,-65.23076923076923,28-03-2019,18:23:20:000000
2019-03-28 18:24:00,-84.06818181818181,,-73.0,-63.888888888888886,28-03-2019,18:24:00:000000
2019-03-28 18:24:40,-84.58823529411765,,-71.5,-65.54545454545455,28-03-2019,18:24:40:000000
2019-03-28 18:25:20,-84.33846153846154,,-72.0,-63.36,28-03-2019,18:25:20:000000
2019-03-28 18:26:00,-84.20454545454545,-75.5,-71.66666666666667,-62.92857142857143,28-03-2019,18:26:00:000000
2019-03-28 18:26:40,-84.47368421052632,-79.0,-71.5,-63.09090909090909,28-03-2019,18:26:40:000000
2019-03-28 18:27:20,-85.48837209302326,-76.0,-71.0,-63.10526315789474,28-03-2019,18:27:20:000000
2019-03-28 18:28:00,-83.52631578947368,-73.5,-72.0,-64.83333333333333,28-03-2019,18:28:00:000000
2019-03-28 18:28:40,-84.57352941176471,-74.33333333333333,-72.0,-64.17857142857143,28-03-2019,18:28:40:000000
2019-03-28 18:29:20,-83.85714285714286,-73.0,-71.0,-64.22222222222223,28-03-2019,18:29:20:000000
2019-03-28 18:30:00,-84.71739130434783,-74.0,,-64.35,28-03-2019,18:30:00:000000
2019-03-28 18:30:40,-84.97916666666667,-76.0,,-64.25,28-03-2019,18:30:40:000000
2019-03-28 18:31:20,-85.12121212121212,,,-63.27272727272727,28-03-2019,18:31:20:000000
2019-03-28 18:32:00,-84.36734693877551,-77.0,-71.0,-64.33333333333333,28-03-2019,18:32:00:000000
2019-03-28 18:32:40,-84.25,-76.33333333333333,-71.0,-65.08333333333333,28-03-2019,18:32:40:000000
2019-03-28 18:33:20,-83.87719298245614,-75.0,-71.0,-63.48,28-03-2019,18:33:20:000000
2019-03-28 18:34:00,-84.13461538461539,-77.0,-71.5,-63.5,28-03-2019,18:34:00:000000
2019-03-28 18:34:40,-84.8157894736842,,-71.0,-64.3076923076923,28-03-2019,18:34:40:000000
2019-03-28 18:35:20,-84.0,,,-65.9,28-03-2019,18:35:20:000000
2019-03-28 18:36:00,-83.7872340425532,-74.0,-71.0,-63.4375,28-03-2019,18:36:00:000000
2019-03-28 18:36:40,-83.6774193548387,-75.0,-72.0,-64.6086956521739,28-03-2019,18:36:40:000000
2019-03-28 18:37:20,-84.77551020408163,-78.0,,-62.388888888888886,28-03-2019,18:37:20:000000
2019-03-28 18:38:00,-84.26582278481013,-76.0,,-63.36363636363637,28-03-2019,18:38:00:000000
2019-03-28 18:38:40,-84.85526315789474,-75.16666666666667,-72.5,-63.54838709677419,28-03-2019,18:38:40:000000
2019-03-28 18:39:20,-84.54237288135593,-76.33333333333333,-71.0,-64.04347826086956,28-03-2019,18:39:20:000000
2019-03-28 18:40:00,-84.49350649350649,-74.66666666666667,-72.0,-64.24137931034483,28-03-2019,18:40:00:000000
2019-03-28 18:40:40,-85.14285714285714,-75.0,-72.0,-63.9375,28-03-2019,18:40:40:000000
2019-03-28 18:41:20,-85.0,-74.0,-77.0,-64.16666666666667,28-03-2019,18:41:20:000000
2019-03-28 18:42:00,-83.75,-74.5,,-64.5,28-03-2019,18:42:00:000000
2019-03-28 18:42:40,-85.02564102564102,-74.0,-72.0,-63.3125,28-03-2019,18:42:40:000000
2019-03-28 18:43:20,-84.8974358974359,-74.0,-71.0,-65.54166666666667,28-03-2019,18:43:20:000000
2019-03-28 18:44:00,-84.275,-76.0,,-63.53846153846154,28-03-2019,18:44:00:000000
2019-03-28 18:44:40,-84.34920634920636,,,-63.86363636363637,28-03-2019,18:44:40:000000
2019-03-28 18:45:20,-84.40259740259741,-74.66666666666667,-71.0,-64.62068965517241,28-03-2019,18:45:20:000000
2019-03-28 18:46:00,-84.07042253521126,-76.0,,-64.17142857142858,28-03-2019,18:46:00:000000
2019-03-28 18:46:40,-83.75,-75.0,,-63.333333333333336,28-03-2019,18:46:40:000000
2019-03-28 18:47:20,-84.35087719298245,-76.0,-71.0,-64.47368421052632,28-03-2019,18:47:20:000000
2019-03-28 18:48:00,-84.67647058823529,-75.0,,-64.3076923076923,28-03-2019,18:48:00:000000
2019-03-28 18:48:40,-84.01587301587301,-74.0,-71.33333333333333,-64.52,28-03-2019,18:48:40:000000
2019-03-28 18:49:20,-84.65116279069767,-75.5,-71.0,-64.16666666666667,28-03-2019,18:49:20:000000
2019-03-28 18:50:00,-84.04545454545455,-75.33333333333333,-72.75,-64.62962962962963,28-03-2019,18:50:00:000000
2019-03-28 18:50:40,-84.25,-73.5,-71.0,-64.51515151515152,28-03-2019,18:50:40:000000
2019-03-28 18:51:20,-84.93055555555556,,-73.2,-63.05882352941177,28-03-2019,18:51:20:000000
2019-03-28 18:52:00,-84.21917808219177,-74.5,-72.0,-63.5,28-03-2019,18:52:00:000000
2019-03-28 18:52:40,-84.44736842105263,-77.5,-71.5,-64.62068965517241,28-03-2019,18:52:40:000000
2019-03-28 18:53:20,-84.18181818181819,-75.66666666666667,-73.0,-63.48275862068966,28-03-2019,18:53:20:000000
2019-03-28 18:54:00,-84.56164383561644,-76.5,-71.0,-64.51515151515152,28-03-2019,18:54:00:000000
2019-03-28 18:54:40,-84.43055555555556,-76.0,-71.75,-64.65517241379311,28-03-2019,18:54:40:000000
2019-03-28 18:55:20,-84.21126760563381,-75.0,-71.0,-63.5,28-03-2019,18:55:20:000000
2019-03-28 18:56:00,-84.51388888888889,-74.0,-72.0,-64.25,28-03-2019,18:56:00:000000
2019-03-28 18:56:40,-84.26760563380282,-76.0,-71.66666666666667,-63.285714285714285,28-03-2019,18:56:40:000000
2019-03-28 18:57:20,-83.92957746478874,-74.0,-71.5,-63.95652173913044,28-03-2019,18:57:20:000000
2019-03-28 18:58:00,-84.125,-74.0,-71.5,-63.193548387096776,28-03-2019,18:58:00:000000
2019-03-28 18:58:40,-83.96,-74.5,-71.0,-65.2,28-03-2019,18:58:40:000000
2019-03-28 18:59:20,-84.9041095890411,-76.0,-71.0,-64.48275862068965,28-03-2019,18:59:20:000000
2019-03-28 19:00:00,-84.24285714285715,-74.5,-71.5,-64.0,28-03-2019,19:00:00:000000
2019-03-28 19:00:40,-85.04225352112677,-74.66666666666667,,-64.35483870967742,28-03-2019,19:00:40:000000
2019-03-28 19:01:20,-83.84057971014492,-73.0,-71.5,-63.96774193548387,28-03-2019,19:01:20:000000
2019-03-28 19:02:00,-84.23188405797102,-77.0,,-64.40625,28-03-2019,19:02:00:000000
2019-03-28 19:02:40,-84.24324324324324,-75.0,-71.66666666666667,-64.41379310344827,28-03-2019,19:02:40:000000
2019-03-28 19:03:20,-84.11267605633803,-74.33333333333333,,-64.07692307692308,28-03-2019,19:03:20:000000
2019-03-28 19:04:00,-84.26315789473684,-75.0,-72.0,-64.26470588235294,28-03-2019,19:04:00:000000
2019-03-28 19:04:40,-84.46052631578948,-75.33333333333333,-71.75,-63.73076923076923,28-03-2019,19:04:40:000000
2019-03-28 19:05:20,-84.22368421052632,-79.0,-73.0,-64.14285714285714,28-03-2019,19:05:20:000000
2019-03-28 19:06:00,-84.375,-74.5,-71.33333333333333,-63.861111111111114,28-03-2019,19:06:00:000000
2019-03-28 19:06:40,-84.01298701298701,-75.0,-72.0,-63.4375,28-03-2019,19:06:40:000000
2019-03-28 19:07:20,-84.63013698630137,-72.0,-72.0,-64.26923076923077,28-03-2019,19:07:20:000000
2019-03-28 19:08:00,-84.54430379746836,-75.8,-71.75,-63.275862068965516,28-03-2019,19:08:00:000000
2019-03-28 19:08:40,-83.69014084507042,-75.0,-72.0,-63.86666666666667,28-03-2019,19:08:40:000000
2019-03-28 19:09:20,-84.23188405797102,-75.0,-71.66666666666667,-64.22222222222223,28-03-2019,19:09:20:000000
2019-03-28 19:10:00,-84.44285714285714,-76.0,-71.5,-63.96551724137931,28-03-2019,19:10:00:000000
2019-03-28 19:10:40,-83.65277777777777,-75.5,-71.5,-64.08695652173913,28-03-2019,19:10:40:000000
2019-03-28 19:11:20,-83.68,-74.0,-71.0,-63.785714285714285,28-03-2019,19:11:20:000000
2019-03-28 19:12:00,-84.52,-74.0,-72.0,-63.44827586206897,28-03-2019,19:12:00:000000
2019-03-28 19:12:40,-83.60606060606061,,-71.0,-64.42307692307692,28-03-2019,19:12:40:000000
2019-03-28 19:13:20,-84.18571428571428,-75.25,,-63.21739130434783,28-03-2019,19:13:20:000000
2019-03-28 19:14:00,-84.44,-76.0,,-63.78787878787879,28-03-2019,19:14:00:000000
2019-03-28 19:14:40,-84.43661971830986,-75.0,-71.0,-64.43333333333334,28-03-2019,19:14:40:000000
2019-03-28 19:15:20,-84.0,-75.75,-71.66666666666667,-64.36842105263158,28-03-2019,19:15:20:000000
2019-03-28 19:16:00,-84.15714285714286,-74.4,,-63.06896551724138,28-03-2019,19:16:00:000000
2019-03-28 19:16:40,-84.10810810810811,-74.5,-71.0,-63.361111111111114,28-03-2019,19:16:40:000000
2019-03-28 19:17:20,-83.64383561643835,,-72.0,-63.67857142857143,28-03-2019,19:17:20:000000
2019-03-28 19:18:00,-84.26666666666667,,,-64.96551724137932,28-03-2019,19:18:00:000000
2019-03-28 19:18:40,-84.11111111111111,-75.66666666666667,,-64.40625,28-03-2019,19:18:40:000000
2019-03-28 19:19:20,-84.07042253521126,,,-65.17857142857143,28-03-2019,19:19:20:000000
2019-03-28 19:20:00,-84.72,-75.33333333333333,-71.5,-64.32352941176471,28-03-2019,19:20:00:000000
2019-03-28 19:20:40,-83.67123287671232,-74.0,-72.0,-64.25,28-03-2019,19:20:40:000000
2019-03-28 19:21:20,-84.05555555555556,-75.66666666666667,-71.0,-64.6086956521739,28-03-2019,19:21:20:000000
2019-03-28 19:22:00,-84.41095890410959,-76.0,,-63.44444444444444,28-03-2019,19:22:00:000000
2019-03-28 19:22:40,-84.08108108108108,-75.0,-72.0,-64.17647058823529,28-03-2019,19:22:40:000000
2019-03-28 19:23:20,-83.3972602739726,-76.0,-71.33333333333333,-64.3030303030303,28-03-2019,19:23:20:000000
2019-03-28 19:24:00,-84.42465753424658,-78.0,-71.0,-64.79166666666667,28-03-2019,19:24:00:000000
2019-03-28 19:24:40,-84.71621621621621,-74.5,,-63.869565217391305,28-03-2019,19:24:40:000000
2019-03-28 19:25:20,-84.22077922077922,-75.0,-72.0,-64.6,28-03-2019,19:25:20:000000
2019-03-28 19:26:00,-84.38571428571429,-73.0,-72.0,-65.0909090909091,28-03-2019,19:26:00:000000
2019-03-28 19:26:40,-84.54411764705883,-75.8,-71.25,-64.42105263157895,28-03-2019,19:26:40:000000
2019-03-28 19:27:20,-84.22535211267606,-74.0,-72.0,-64.13793103448276,28-03-2019,19:27:20:000000
2019-03-28 19:28:00,-84.39189189189189,-75.0,-71.5,-64.24,28-03-2019,19:28:00:000000
2019-03-28 19:28:40,-84.82894736842105,-74.0,-71.0,-63.02564102564103,28-03-2019,19:28:40:000000
2019-03-28 19:29:20,-84.36,-74.75,-71.5,-65.92,28-03-2019,19:29:20:000000
2019-03-28 19:30:00,-84.34666666666666,-74.0,-71.66666666666667,-64.54838709677419,28-03-2019,19:30:00:000000
2019-03-28 19:30:40,-84.68115942028986,-74.66666666666667,,-64.54545454545455,28-03-2019,19:30:40:000000
2019-03-28 19:31:20,-84.29166666666667,-76.0,-71.33333333333333,-64.12121212121212,28-03-2019,19:31:20:000000
2019-03-28 19:32:00,-84.07692307692308,-75.33333333333333,-71.66666666666667,-64.19354838709677,28-03-2019,19:32:00:000000
2019-03-28 19:32:40,-83.90666666666667,-73.0,-71.5,-64.24,28-03-2019,19:32:40:000000
2019-03-28 19:33:20,-84.45833333333333,-79.0,-72.0,-64.0,28-03-2019,19:33:20:000000
2019-03-28 19:34:00,-84.0909090909091,-77.0,,-64.41935483870968,28-03-2019,19:34:00:000000
2019-03-28 19:34:40,-84.48684210526316,-76.5,,-65.0,28-03-2019,19:34:40:000000
2019-03-28 19:35:20,-84.51428571428572,-75.0,-71.0,-64.0,28-03-2019,19:35:20:000000
2019-03-28 19:36:00,-83.94285714285714,-76.0,-71.5,-63.89473684210526,28-03-2019,19:36:00:000000
2019-03-28 19:36:40,-84.15789473684211,-76.0,-71.0,-64.3030303030303,28-03-2019,19:36:40:000000
2019-03-28 19:37:20,-84.5945945945946,-75.25,,-63.6551724137931,28-03-2019,19:37:20:000000
2019-03-28 19:38:00,-84.24285714285715,-74.71428571428571,,-64.58064516129032,28-03-2019,19:38:00:000000
2019-03-28 19:38:40,-84.34328358208955,-74.25,-72.0,-64.03333333333333,28-03-2019,19:38:40:000000
2019-03-28 19:39:20,-84.58571428571429,-76.0,-71.33333333333333,-64.22222222222223,28-03-2019,19:39:20:000000
2019-03-28 19:40:00,-84.21794871794872,-75.33333333333333,-72.16666666666667,-64.47058823529412,28-03-2019,19:40:00:000000
2019-03-28 19:40:40,-83.74324324324324,-74.66666666666667,-71.66666666666667,-63.696969696969695,28-03-2019,19:40:40:000000
2019-03-28 19:41:20,-84.53947368421052,-77.25,-75.0,-63.861111111111114,28-03-2019,19:41:20:000000
2019-03-28 19:42:00,-84.38235294117646,-74.0,-75.0,-64.47826086956522,28-03-2019,19:42:00:000000
2019-03-28 19:42:40,-84.83561643835617,-76.0,-71.0,-64.1875,28-03-2019,19:42:40:000000
2019-03-28 19:43:20,-84.55555555555556,-76.33333333333333,,-64.0,28-03-2019,19:43:20:000000
2019-03-28 19:44:00,-84.36619718309859,-76.5,-71.5,-64.375,28-03-2019,19:44:00:000000
2019-03-28 19:44:40,-84.21917808219177,-75.0,,-64.4,28-03-2019,19:44:40:000000
2019-03-28 19:45:20,-84.62162162162163,-75.5,,-63.73529411764706,28-03-2019,19:45:20:000000
2019-03-28 19:46:00,-83.9,-73.5,-71.33333333333333,-63.67857142857143,28-03-2019,19:46:00:000000
2019-03-28 19:46:40,-84.56716417910448,-75.0,-71.5,-64.86206896551724,28-03-2019,19:46:40:000000
2019-03-28 19:47:20,-83.59154929577464,,-72.66666666666667,-64.34782608695652,28-03-2019,19:47:20:000000
2019-03-28 19:48:00,-84.41025641025641,-74.8,-72.0,-64.1875,28-03-2019,19:48:00:000000
2019-03-28 19:48:40,-84.08219178082192,-75.33333333333333,-72.0,-63.94736842105263,28-03-2019,19:48:40:000000
2019-03-28 19:49:20,-84.25352112676056,-74.33333333333333,-72.0,-64.17647058823529,28-03-2019,19:49:20:000000
2019-03-28 19:50:00,-84.35211267605634,-76.0,-71.0,-64.63333333333334,28-03-2019,19:50:00:000000
2019-03-28 19:50:40,-84.64285714285714,-73.0,-71.0,-63.592592592592595,28-03-2019,19:50:40:000000
2019-03-28 19:51:20,-84.6842105263158,-76.2,-71.0,-64.05128205128206,28-03-2019,19:51:20:000000
2019-03-28 19:52:00,-84.25333333333333,-74.5,-72.0,-64.3030303030303,28-03-2019,19:52:00:000000
2019-03-28 19:52:40,-84.2,-73.0,-72.0,-63.357142857142854,28-03-2019,19:52:40:000000
2019-03-28 19:53:20,-84.17567567567568,-77.0,-72.0,-64.5,28-03-2019,19:53:20:000000
2019-03-28 19:54:00,-84.29729729729729,-74.0,-71.5,-64.57575757575758,28-03-2019,19:54:00:000000
2019-03-28 19:54:40,-84.32432432432432,-75.5,-73.5,-64.48275862068965,28-03-2019,19:54:40:000000
2019-03-28 19:55:20,-84.10144927536231,-75.0,-72.4,-64.14814814814815,28-03-2019,19:55:20:000000
2019-03-28 19:56:00,-84.07142857142857,-75.0,-71.0,-64.05882352941177,28-03-2019,19:56:00:000000
2019-03-28 19:56:40,-83.69444444444444,-74.0,-71.5,-63.96875,28-03-2019,19:56:40:000000
2019-03-28 19:57:20,-84.0,-75.0,-71.0,-64.23333333333333,28-03-2019,19:57:20:000000
2019-03-28 19:58:00,-84.15584415584415,-76.0,-71.0,-64.10714285714286,28-03-2019,19:58:00:000000
2019-03-28 19:58:40,-84.3013698630137,-74.33333333333333,-71.33333333333333,-63.916666666666664,28-03-2019,19:58:40:000000
2019-03-28 19:59:20,-84.9041095890411,-76.2,-72.0,-64.5625,28-03-2019,19:59:20:000000
2019-03-28 20:00:00,-84.01351351351352,-74.5,-72.0,-63.6551724137931,28-03-2019,20:00:00:000000
2019-03-28 20:00:40,-83.48611111111111,-75.16666666666667,-71.0,-62.96,28-03-2019,20:00:40:000000
2019-03-28 20:01:20,-84.67567567567568,,-71.66666666666667,-64.16129032258064,28-03-2019,20:01:20:000000
2019-03-28 20:02:00,-84.37142857142857,-75.0,-72.0,-63.9,28-03-2019,20:02:00:000000
2019-03-28 20:02:40,-84.78666666666666,,-72.0,-64.0,28-03-2019,20:02:40:000000
2019-03-28 20:03:20,-84.6891891891892,-74.66666666666667,-71.5,-65.37931034482759,28-03-2019,20:03:20:000000
2019-03-28 20:04:00,-84.22535211267606,-75.5,,-64.38461538461539,28-03-2019,20:04:00:000000
2019-03-28 20:04:40,-83.67105263157895,-77.0,-72.0,-64.66666666666667,28-03-2019,20:04:40:000000
2019-03-28 20:05:20,-84.08108108108108,-74.0,-71.66666666666667,-62.85294117647059,28-03-2019,20:05:20:000000
2019-03-28 20:06:00,-85.02985074626865,-74.5,,-63.82608695652174,28-03-2019,20:06:00:000000
2019-03-28 20:06:40,-84.8108108108108,-75.25,-71.4,-64.0,28-03-2019,20:06:40:000000
2019-03-28 20:07:20,-83.87837837837837,-74.0,,-62.791666666666664,28-03-2019,20:07:20:000000
2019-03-28 20:08:00,-84.33333333333333,-74.8,-72.0,-63.535714285714285,28-03-2019,20:08:00:000000
2019-03-28 20:08:40,-84.24,-73.0,,-64.29032258064517,28-03-2019,20:08:40:000000
2019-03-28 20:09:20,-84.26388888888889,-76.25,-75.0,-63.60606060606061,28-03-2019,20:09:20:000000
2019-03-28 20:10:00,-84.3913043478261,-75.0,-71.33333333333333,-64.55555555555556,28-03-2019,20:10:00:000000
2019-03-28 20:10:40,-84.375,-75.0,-71.5,-64.5625,28-03-2019,20:10:40:000000
2019-03-28 20:11:20,-84.43835616438356,,-75.0,-63.9375,28-03-2019,20:11:20:000000
2019-03-28 20:12:00,-85.12162162162163,-75.5,,-64.02857142857142,28-03-2019,20:12:00:000000
2019-03-28 20:12:40,-84.57534246575342,-76.5,,-63.61538461538461,28-03-2019,20:12:40:000000
2019-03-28 20:13:20,-83.65753424657534,,-72.0,-64.1304347826087,28-03-2019,20:13:20:000000
2019-03-28 20:14:00,-83.86301369863014,-73.5,,-63.5,28-03-2019,20:14:00:000000
2019-03-28 20:14:40,-84.59420289855072,-75.8,-71.5,-64.0952380952381,28-03-2019,20:14:40:000000
2019-03-28 20:15:20,-83.77777777777777,-74.0,,-64.51515151515152,28-03-2019,20:15:20:000000
2019-03-28 20:16:00,-84.42666666666666,-76.5,-71.5,-64.1875,28-03-2019,20:16:00:000000
2019-03-28 20:16:40,-84.16,-74.5,-70.66666666666667,-64.15789473684211,28-03-2019,20:16:40:000000
2019-03-28 20:17:20,-84.25333333333333,-75.66666666666667,-71.0,-64.53846153846153,28-03-2019,20:17:20:000000
2019-03-28 20:18:00,-84.77333333333333,-74.8,,-64.07142857142857,28-03-2019,20:18:00:000000
2019-03-28 20:18:40,-84.21917808219177,-74.5,-72.0,-63.5,28-03-2019,20:18:40:000000
2019-03-28 20:19:20,-84.16901408450704,,-71.5,-63.785714285714285,28-03-2019,20:19:20:000000
2019-03-28 20:20:00,-84.6086956521739,-74.0,-72.0,-63.611111111111114,28-03-2019,20:20:00:000000
2019-03-28 20:20:40,-84.44117647058823,-74.0,-72.0,-64.32142857142857,28-03-2019,20:20:40:000000
2019-03-28 20:21:20,-84.41891891891892,-75.16666666666667,-72.0,-64.0,28-03-2019,20:21:20:000000
2019-03-28 20:22:00,-84.10958904109589,-76.0,-71.33333333333333,-63.55555555555556,28-03-2019,20:22:00:000000
2019-03-28 20:22:40,-83.86764705882354,-73.0,,-65.58620689655173,28-03-2019,20:22:40:000000
2019-03-28 20:23:20,-84.74324324324324,-74.0,,-64.05882352941177,28-03-2019,20:23:20:000000
2019-03-28 20:24:00,-84.36111111111111,-76.0,-71.33333333333333,-64.6923076923077,28-03-2019,20:24:00:000000
2019-03-28 20:24:40,-84.07042253521126,-76.0,-71.25,-63.96666666666667,28-03-2019,20:24:40:000000
2019-03-28 20:25:20,-85.04285714285714,-75.33333333333333,-71.0,-64.12903225806451,28-03-2019,20:25:20:000000
2019-03-28 20:26:00,-83.79729729729729,,-71.5,-64.03703703703704,28-03-2019,20:26:00:000000
2019-03-28 20:26:40,-83.97368421052632,-77.0,-71.66666666666667,-62.333333333333336,28-03-2019,20:26:40:000000
2019-03-28 20:27:20,-84.23287671232876,-74.0,-70.75,-64.76,28-03-2019,20:27:20:000000
2019-03-28 20:28:00,-84.625,-73.0,-71.0,-63.61904761904762,28-03-2019,20:28:00:000000
2019-03-28 20:28:40,-83.91780821917808,-74.25,-71.33333333333333,-63.37931034482759,28-03-2019,20:28:40:000000
2019-03-28 20:29:20,-84.29166666666667,-75.0,-72.0,-64.5925925925926,28-03-2019,20:29:20:000000
2019-03-28 20:30:00,-84.41891891891892,-74.5,-72.0,-63.5625,28-03-2019,20:30:00:000000
2019-03-28 20:30:40,-84.24615384615385,-76.5,-76.0,-64.33333333333333,28-03-2019,20:30:40:000000
2019-03-28 20:31:20,-84.13888888888889,-74.33333333333333,-71.5,-65.52777777777777,28-03-2019,20:31:20:000000
2019-03-28 20:32:00,-84.69014084507042,-75.33333333333333,-72.0,-63.71875,28-03-2019,20:32:00:000000
2019-03-28 20:32:40,-84.44444444444444,-75.33333333333333,-72.0,-64.21875,28-03-2019,20:32:40:000000
2019-03-28 20:33:20,-84.33823529411765,-76.5,-71.0,-63.88,28-03-2019,20:33:20:000000
2019-03-28 20:34:00,-84.29166666666667,-75.25,,-63.34375,28-03-2019,20:34:00:000000
2019-03-28 20:34:40,-84.29166666666667,-74.5,-72.0,-63.806451612903224,28-03-2019,20:34:40:000000
2019-03-28 20:35:20,-84.70833333333333,,-71.5,-64.06451612903226,28-03-2019,20:35:20:000000
2019-03-28 20:36:00,-83.90789473684211,-76.0,-71.5,-63.65714285714286,28-03-2019,20:36:00:000000
2019-03-28 20:36:40,-84.69736842105263,,-70.0,-64.44827586206897,28-03-2019,20:36:40:000000
2019-03-28 20:37:20,-84.3,-75.5,,-63.75,28-03-2019,20:37:20:000000
2019-03-28 20:38:00,-84.27536231884058,-75.42857142857143,-71.0,-63.56666666666667,28-03-2019,20:38:00:000000
2019-03-28 20:38:40,-84.03947368421052,-76.33333333333333,-71.0,-64.4074074074074,28-03-2019,20:38:40:000000
2019-03-28 20:39:20,-84.70422535211267,-76.33333333333333,-72.0,-64.125,28-03-2019,20:39:20:000000
2019-03-28 20:40:00,-84.32876712328768,-74.75,-71.0,-63.92857142857143,28-03-2019,20:40:00:000000
2019-03-28 20:40:40,-83.82666666666667,-74.28571428571429,-72.0,-63.5625,28-03-2019,20:40:40:000000
2019-03-28 20:41:20,-83.77464788732394,-76.0,-72.0,-63.75,28-03-2019,20:41:20:000000
2019-03-28 20:42:00,-84.33823529411765,-74.5,,-63.3448275862069,28-03-2019,20:42:00:000000
2019-03-28 20:42:40,-84.40845070422536,-76.0,-72.0,-64.46428571428571,28-03-2019,20:42:40:000000
2019-03-28 20:43:20,-83.65753424657534,-76.5,-72.0,-64.20833333333333,28-03-2019,20:43:20:000000
2019-03-28 20:44:00,-83.6923076923077,-75.66666666666667,-72.0,-64.66666666666667,28-03-2019,20:44:00:000000
2019-03-28 20:44:40,-84.26470588235294,-74.5,,-64.89285714285714,28-03-2019,20:44:40:000000
2019-03-28 20:45:20,-84.34246575342466,-75.66666666666667,,-63.76,28-03-2019,20:45:20:000000
2019-03-28 20:46:00,-84.46575342465754,-74.33333333333333,-72.0,-64.2,28-03-2019,20:46:00:000000
2019-03-28 20:46:40,-84.52054794520548,-76.0,,-64.05882352941177,28-03-2019,20:46:40:000000
2019-03-28 20:47:20,-83.98611111111111,-73.0,,-64.22857142857143,28-03-2019,20:47:20:000000
2019-03-28 20:48:00,-84.52112676056338,-73.0,,-64.17241379310344,28-03-2019,20:48:00:000000
2019-03-28 20:48:40,-84.22222222222223,-74.66666666666667,-72.0,-63.825,28-03-2019,20:48:40:000000
2019-03-28 20:49:20,-84.28571428571429,-76.66666666666667,,-64.60714285714286,28-03-2019,20:49:20:000000
2019-03-28 20:50:00,-84.30263157894737,-73.0,-72.25,-64.45454545454545,28-03-2019,20:50:00:000000
2019-03-28 20:50:40,-84.13698630136986,-75.0,-70.0,-64.5625,28-03-2019,20:50:40:000000
2019-03-28 20:51:20,-84.5068493150685,-74.0,-72.0,-64.45454545454545,28-03-2019,20:51:20:000000
2019-03-28 20:52:00,-84.29166666666667,-76.0,,-63.911764705882355,28-03-2019,20:52:00:000000
2019-03-28 20:52:40,-84.26027397260275,-75.66666666666667,-71.5,-64.9090909090909,28-03-2019,20:52:40:000000
2019-03-28 20:53:20,-84.61643835616438,-75.75,-71.0,-64.57692307692308,28-03-2019,20:53:20:000000
2019-03-28 20:54:00,-84.98648648648648,,-72.0,-64.7741935483871,28-03-2019,20:54:00:000000
2019-03-28 20:54:40,-84.04054054054055,-74.0,-71.0,-63.935483870967744,28-03-2019,20:54:40:000000
2019-03-28 20:55:20,-83.85714285714286,-73.0,-72.0,-64.9090909090909,28-03-2019,20:55:20:000000
2019-03-28 20:56:00,-84.47368421052632,-75.0,-71.0,-63.645161290322584,28-03-2019,20:56:00:000000
2019-03-28 20:56:40,-84.35714285714286,-77.5,-71.5,-64.52777777777777,28-03-2019,20:56:40:000000
2019-03-28 20:57:20,-84.24285714285715,,-73.0,-64.26470588235294,28-03-2019,20:57:20:000000
2019-03-28 20:58:00,-84.37837837837837,-76.0,-71.5,-64.25,28-03-2019,20:58:00:000000
2019-03-28 20:58:40,-84.65277777777777,-76.25,-71.5,-63.40625,28-03-2019,20:58:40:000000
2019-03-28 20:59:20,-84.46575342465754,-76.0,,-64.27777777777777,28-03-2019,20:59:20:000000
2019-03-28 21:00:00,-84.16176470588235,-75.5,-71.0,-64.8157894736842,28-03-2019,21:00:00:000000
2019-03-28 21:00:40,-84.2,,-72.0,-64.14285714285714,28-03-2019,21:00:40:000000
