bt_date_bt_time,Date,Time,Kitchen Sphere Gateway,In Kitchen
28-03-19 14:59,28-03-19,14:59:20:000000,-86,0
28-03-19 15:00,28-03-19,15:00:00:000000,-85.45,0
28-03-19 15:00,28-03-19,15:00:40:000000,-85.675,0
28-03-19 15:01,28-03-19,15:01:20:000000,-85.75,0
28-03-19 15:02,28-03-19,15:02:00:000000,-85.825,0
28-03-19 15:02,28-03-19,15:02:40:000000,-85.275,0
28-03-19 15:03,28-03-19,15:03:20:000000,-85.575,0
28-03-19 15:04,28-03-19,15:04:00:000000,-86.125,0
28-03-19 15:04,28-03-19,15:04:40:000000,-85.625,0
28-03-19 15:05,28-03-19,15:05:20:000000,-86.025,0
28-03-19 15:06,28-03-19,15:06:00:000000,-85.45,0
28-03-19 15:06,28-03-19,15:06:40:000000,-85.425,0
28-03-19 15:07,28-03-19,15:07:20:000000,-85.625,0
28-03-19 15:08,28-03-19,15:08:00:000000,-85.375,0
28-03-19 15:08,28-03-19,15:08:40:000000,-85.575,0
28-03-19 15:09,28-03-19,15:09:20:000000,-85.475,0
28-03-19 15:10,28-03-19,15:10:00:000000,-85.35,0
28-03-19 15:10,28-03-19,15:10:40:000000,-85.7,0
28-03-19 15:11,28-03-19,15:11:20:000000,-85.65,0
28-03-19 15:12,28-03-19,15:12:00:000000,-85.45,0
28-03-19 15:12,28-03-19,15:12:40:000000,-85.15,0
28-03-19 15:13,28-03-19,15:13:20:000000,-85.4,0
28-03-19 15:14,28-03-19,15:14:00:000000,-85.4,0
28-03-19 15:14,28-03-19,15:14:40:000000,-85.75,0
28-03-19 15:15,28-03-19,15:15:20:000000,-85.375,0
28-03-19 15:16,28-03-19,15:16:00:000000,-85.55,0
28-03-19 15:16,28-03-19,15:16:40:000000,-85.675,0
28-03-19 15:17,28-03-19,15:17:20:000000,-85.2,0
28-03-19 15:18,28-03-19,15:18:00:000000,-85.5,0
28-03-19 15:18,28-03-19,15:18:40:000000,-85.9,0
28-03-19 15:19,28-03-19,15:19:20:000000,-84.925,0
28-03-19 15:20,28-03-19,15:20:00:000000,-85.525,0
28-03-19 15:20,28-03-19,15:20:40:000000,-85.225,0
28-03-19 15:21,28-03-19,15:21:20:000000,-85.45,0
28-03-19 15:22,28-03-19,15:22:00:000000,-85.4,0
28-03-19 15:22,28-03-19,15:22:40:000000,-86.025,0
28-03-19 15:23,28-03-19,15:23:20:000000,-85.75,0
28-03-19 15:24,28-03-19,15:24:00:000000,-85.45,0
28-03-19 15:24,28-03-19,15:24:40:000000,-85.1,0
28-03-19 15:25,28-03-19,15:25:20:000000,-85.85,0
28-03-19 15:26,28-03-19,15:26:00:000000,-85.375,0
28-03-19 15:26,28-03-19,15:26:40:000000,-84.95,0
28-03-19 15:27,28-03-19,15:27:20:000000,-85.05,0
28-03-19 15:28,28-03-19,15:28:00:000000,-84.975,0
28-03-19 15:28,28-03-19,15:28:40:000000,-85.3,0
28-03-19 15:29,28-03-19,15:29:20:000000,-85.275,0
28-03-19 15:30,28-03-19,15:30:00:000000,-85.55,0
28-03-19 15:30,28-03-19,15:30:40:000000,-85.8,0
28-03-19 15:31,28-03-19,15:31:20:000000,-85.575,0
28-03-19 15:32,28-03-19,15:32:00:000000,-85.05,0
28-03-19 15:32,28-03-19,15:32:40:000000,-85.5,0
28-03-19 15:33,28-03-19,15:33:20:000000,-85.525,0
28-03-19 15:34,28-03-19,15:34:00:000000,-85.125,0
28-03-19 15:34,28-03-19,15:34:40:000000,-85.125,0
28-03-19 15:35,28-03-19,15:35:20:000000,-85.5,0
28-03-19 15:36,28-03-19,15:36:00:000000,-85.375,0
28-03-19 15:36,28-03-19,15:36:40:000000,-84.925,0
28-03-19 15:37,28-03-19,15:37:20:000000,-85.225,0
28-03-19 15:38,28-03-19,15:38:00:000000,-85.25,0
28-03-19 15:38,28-03-19,15:38:40:000000,-85.3,0
28-03-19 15:39,28-03-19,15:39:20:000000,-85.55,0
28-03-19 15:40,28-03-19,15:40:00:000000,-85.275,0
28-03-19 15:40,28-03-19,15:40:40:000000,-85.375,0
28-03-19 15:41,28-03-19,15:41:20:000000,-85.35,0
28-03-19 15:42,28-03-19,15:42:00:000000,-85.725,0
28-03-19 15:42,28-03-19,15:42:40:000000,-85.45,0
28-03-19 15:43,28-03-19,15:43:20:000000,-85.05,0
28-03-19 15:44,28-03-19,15:44:00:000000,-85.7,0
28-03-19 15:44,28-03-19,15:44:40:000000,-85.625,0
28-03-19 15:45,28-03-19,15:45:20:000000,-85.2,0
28-03-19 15:46,28-03-19,15:46:00:000000,-85.425,0
28-03-19 15:46,28-03-19,15:46:40:000000,-86.15,0
28-03-19 15:47,28-03-19,15:47:20:000000,-85.575,0
28-03-19 15:48,28-03-19,15:48:00:000000,-85.525,0
28-03-19 15:48,28-03-19,15:48:40:000000,-85.7,0
28-03-19 15:49,28-03-19,15:49:20:000000,-85.45,0
28-03-19 15:50,28-03-19,15:50:00:000000,-85.65,0
28-03-19 15:50,28-03-19,15:50:40:000000,-86.075,0
28-03-19 15:51,28-03-19,15:51:20:000000,-85.425,0
28-03-19 15:52,28-03-19,15:52:00:000000,-85.125,0
28-03-19 15:52,28-03-19,15:52:40:000000,-85.175,0
28-03-19 15:53,28-03-19,15:53:20:000000,-85.325,0
28-03-19 15:54,28-03-19,15:54:00:000000,-85.575,0
28-03-19 15:54,28-03-19,15:54:40:000000,-85.1,0
28-03-19 15:55,28-03-19,15:55:20:000000,-86.05263158,0
28-03-19 15:56,28-03-19,15:56:00:000000,-85.55,0
28-03-19 15:56,28-03-19,15:56:40:000000,-85.85,0
28-03-19 15:57,28-03-19,15:57:20:000000,-85.9,0
28-03-19 15:58,28-03-19,15:58:00:000000,-85.45,0
28-03-19 15:58,28-03-19,15:58:40:000000,-85.875,0
28-03-19 15:59,28-03-19,15:59:20:000000,-85.35,0
28-03-19 16:00,28-03-19,16:00:00:000000,-85.7,0
28-03-19 16:00,28-03-19,16:00:40:000000,-85.65,0
28-03-19 16:01,28-03-19,16:01:20:000000,-85.25,0
28-03-19 16:02,28-03-19,16:02:00:000000,-85.275,0
28-03-19 16:02,28-03-19,16:02:40:000000,-85.6,0
28-03-19 16:03,28-03-19,16:03:20:000000,-85.15,0
28-03-19 16:04,28-03-19,16:04:00:000000,-85.575,0
28-03-19 16:04,28-03-19,16:04:40:000000,-85.575,0
28-03-19 16:05,28-03-19,16:05:20:000000,-85.825,0
28-03-19 16:06,28-03-19,16:06:00:000000,-85.45,0
28-03-19 16:06,28-03-19,16:06:40:000000,-85.375,0
28-03-19 16:07,28-03-19,16:07:20:000000,-85.9,0
28-03-19 16:08,28-03-19,16:08:00:000000,-85.525,0
28-03-19 16:08,28-03-19,16:08:40:000000,-85.05,0
28-03-19 16:09,28-03-19,16:09:20:000000,-85.825,0
28-03-19 16:10,28-03-19,16:10:00:000000,-85.2,0
28-03-19 16:10,28-03-19,16:10:40:000000,-85.8,0
28-03-19 16:11,28-03-19,16:11:20:000000,-85.25,0
28-03-19 16:12,28-03-19,16:12:00:000000,-85.825,0
28-03-19 16:12,28-03-19,16:12:40:000000,-84.975,0
28-03-19 16:13,28-03-19,16:13:20:000000,-85.25,0
28-03-19 16:14,28-03-19,16:14:00:000000,-85.275,0
28-03-19 16:14,28-03-19,16:14:40:000000,-85.525,0
28-03-19 16:15,28-03-19,16:15:20:000000,-85.725,0
28-03-19 16:16,28-03-19,16:16:00:000000,-85.675,0
28-03-19 16:16,28-03-19,16:16:40:000000,-85.8,0
28-03-19 16:17,28-03-19,16:17:20:000000,-85.5,0
28-03-19 16:18,28-03-19,16:18:00:000000,-85.35,0
28-03-19 16:18,28-03-19,16:18:40:000000,-85.5,0
28-03-19 16:19,28-03-19,16:19:20:000000,-85.05,0
28-03-19 16:20,28-03-19,16:20:00:000000,-85.55,0
28-03-19 16:20,28-03-19,16:20:40:000000,-84.8,0
28-03-19 16:21,28-03-19,16:21:20:000000,-85.75,0
28-03-19 16:22,28-03-19,16:22:00:000000,-85.575,0
28-03-19 16:22,28-03-19,16:22:40:000000,-86,0
28-03-19 16:23,28-03-19,16:23:20:000000,-85.3,0
28-03-19 16:24,28-03-19,16:24:00:000000,-85.575,0
28-03-19 16:24,28-03-19,16:24:40:000000,-85.4,0
28-03-19 16:25,28-03-19,16:25:20:000000,-85.425,0
28-03-19 16:26,28-03-19,16:26:00:000000,-85.25,0
28-03-19 16:26,28-03-19,16:26:40:000000,-85.55,0
28-03-19 16:27,28-03-19,16:27:20:000000,-85.575,0
28-03-19 16:28,28-03-19,16:28:00:000000,-85.5,0
28-03-19 16:28,28-03-19,16:28:40:000000,-85.55,0
28-03-19 16:29,28-03-19,16:29:20:000000,-85.5,0
28-03-19 16:30,28-03-19,16:30:00:000000,-85.425,0
28-03-19 16:30,28-03-19,16:30:40:000000,-85.25,0
28-03-19 16:31,28-03-19,16:31:20:000000,-85.925,0
28-03-19 16:32,28-03-19,16:32:00:000000,-85.85,0
28-03-19 16:32,28-03-19,16:32:40:000000,-85.525,0
28-03-19 16:33,28-03-19,16:33:20:000000,-85.1,0
28-03-19 16:34,28-03-19,16:34:00:000000,-85.275,0
28-03-19 16:34,28-03-19,16:34:40:000000,-85.55,0
28-03-19 16:35,28-03-19,16:35:20:000000,-85.925,0
28-03-19 16:36,28-03-19,16:36:00:000000,-85.325,0
28-03-19 16:36,28-03-19,16:36:40:000000,-85.55,0
28-03-19 16:37,28-03-19,16:37:20:000000,-85.525,0
28-03-19 16:38,28-03-19,16:38:00:000000,-85.4,0
28-03-19 16:38,28-03-19,16:38:40:000000,-85.55,0
28-03-19 16:39,28-03-19,16:39:20:000000,-85.725,0
28-03-19 16:40,28-03-19,16:40:00:000000,-85.1,0
28-03-19 16:40,28-03-19,16:40:40:000000,-85.675,0
28-03-19 16:41,28-03-19,16:41:20:000000,-85.75,0
28-03-19 16:42,28-03-19,16:42:00:000000,-85.675,0
28-03-19 16:42,28-03-19,16:42:40:000000,-85.625,0
28-03-19 16:43,28-03-19,16:43:20:000000,-85.45,0
28-03-19 16:44,28-03-19,16:44:00:000000,-85.325,0
28-03-19 16:44,28-03-19,16:44:40:000000,-86.15,0
28-03-19 16:45,28-03-19,16:45:20:000000,-84.275,0
28-03-19 16:46,28-03-19,16:46:00:000000,-83.9,0
28-03-19 16:46,28-03-19,16:46:40:000000,-82.825,0
28-03-19 16:47,28-03-19,16:47:20:000000,-83.375,0
28-03-19 16:48,28-03-19,16:48:00:000000,-84.175,0
28-03-19 16:48,28-03-19,16:48:40:000000,-83.275,0
28-03-19 16:49,28-03-19,16:49:20:000000,-84.375,0
28-03-19 16:50,28-03-19,16:50:00:000000,-83.775,0
28-03-19 16:50,28-03-19,16:50:40:000000,-82.75,0
28-03-19 16:51,28-03-19,16:51:20:000000,-84.725,0
28-03-19 16:52,28-03-19,16:52:00:000000,-82.95,0
28-03-19 16:52,28-03-19,16:52:40:000000,-82.3,0
28-03-19 16:53,28-03-19,16:53:20:000000,-80.05,0
28-03-19 16:54,28-03-19,16:54:00:000000,-80.2,0
28-03-19 16:54,28-03-19,16:54:40:000000,-81.025,0
28-03-19 16:55,28-03-19,16:55:20:000000,-79.95,0
28-03-19 16:56,28-03-19,16:56:00:000000,-80.675,0
28-03-19 16:56,28-03-19,16:56:40:000000,-80.475,0
28-03-19 16:57,28-03-19,16:57:20:000000,-81.05,0
28-03-19 16:58,28-03-19,16:58:00:000000,-80.675,0
28-03-19 16:58,28-03-19,16:58:40:000000,-81.65,0
28-03-19 16:59,28-03-19,16:59:20:000000,-85.05,0
28-03-19 17:00,28-03-19,17:00:00:000000,-85.7,0
28-03-19 17:00,28-03-19,17:00:40:000000,-82.175,0
28-03-19 17:01,28-03-19,17:01:20:000000,-81.35,0
28-03-19 17:02,28-03-19,17:02:00:000000,-83.2,0
28-03-19 17:02,28-03-19,17:02:40:000000,-78.7,0
28-03-19 17:03,28-03-19,17:03:20:000000,-82.275,0
28-03-19 17:04,28-03-19,17:04:00:000000,-83.9,0
28-03-19 17:04,28-03-19,17:04:40:000000,-81.675,0
28-03-19 17:05,28-03-19,17:05:20:000000,-81.85,0
28-03-19 17:06,28-03-19,17:06:00:000000,-81.725,0
28-03-19 17:06,28-03-19,17:06:40:000000,-84.44736842,0
28-03-19 17:07,28-03-19,17:07:20:000000,-82.175,0
28-03-19 17:08,28-03-19,17:08:00:000000,-84.25,0
28-03-19 17:08,28-03-19,17:08:40:000000,-82.2,0
28-03-19 17:09,28-03-19,17:09:20:000000,-82.58974359,0
28-03-19 17:10,28-03-19,17:10:00:000000,-84.325,0
28-03-19 17:10,28-03-19,17:10:40:000000,-81.92307692,0
28-03-19 17:11,28-03-19,17:11:20:000000,-83.55263158,0
28-03-19 17:12,28-03-19,17:12:00:000000,-83.175,0
28-03-19 17:12,28-03-19,17:12:40:000000,-82.36842105,0
28-03-19 17:13,28-03-19,17:13:20:000000,-80.13513514,0
28-03-19 17:14,28-03-19,17:14:00:000000,-82.25,0
28-03-19 17:14,28-03-19,17:14:40:000000,-82.2972973,0
28-03-19 17:15,28-03-19,17:15:20:000000,-81.975,0
28-03-19 17:16,28-03-19,17:16:00:000000,-81.225,0
28-03-19 17:16,28-03-19,17:16:40:000000,-78.94871795,0
28-03-19 17:17,28-03-19,17:17:20:000000,-73.45,0
28-03-19 17:18,28-03-19,17:18:00:000000,-60.82051282,0
28-03-19 17:18,28-03-19,17:18:40:000000,-65.85,0
28-03-19 17:19,28-03-19,17:19:20:000000,-59.9,0
28-03-19 17:20,28-03-19,17:20:00:000000,-62.725,0
28-03-19 17:20,28-03-19,17:20:40:000000,-64.5,0
28-03-19 17:21,28-03-19,17:21:20:000000,-67.61111111,0
28-03-19 17:22,28-03-19,17:22:00:000000,-77.15,0
28-03-19 17:22,28-03-19,17:22:40:000000,-81.8,0
28-03-19 17:23,28-03-19,17:23:20:000000,-79.65789474,0
28-03-19 17:24,28-03-19,17:24:00:000000,-79.875,0
28-03-19 17:24,28-03-19,17:24:40:000000,-72.33333333,0
28-03-19 17:25,28-03-19,17:25:20:000000,-69.7027027,0
28-03-19 17:26,28-03-19,17:26:00:000000,-74.325,0
28-03-19 17:26,28-03-19,17:26:40:000000,-78.26315789,0
28-03-19 17:27,28-03-19,17:27:20:000000,-75.825,0
28-03-19 17:28,28-03-19,17:28:00:000000,-68.12,0
28-03-19 17:28,28-03-19,17:28:40:000000,-62.15,0
28-03-19 17:29,28-03-19,17:29:20:000000,-55.71794872,0
28-03-19 17:30,28-03-19,17:30:00:000000,-58.1875,0
28-03-19 17:30,28-03-19,17:30:40:000000,-70.78947368,0
28-03-19 17:31,28-03-19,17:31:20:000000,-69.04761905,0
28-03-19 17:32,28-03-19,17:32:00:000000,-74.45,0
28-03-19 17:32,28-03-19,17:32:40:000000,-74.90322581,0
28-03-19 17:33,28-03-19,17:33:20:000000,-69.7826087,0
28-03-19 17:34,28-03-19,17:34:00:000000,-65.16216216,0
28-03-19 17:34,28-03-19,17:34:40:000000,-59.06451613,0
28-03-19 17:35,28-03-19,17:35:20:000000,-66.94117647,0
28-03-19 17:36,28-03-19,17:36:00:000000,-63.78947368,0
28-03-19 17:36,28-03-19,17:36:40:000000,-67.86206897,0
28-03-19 17:37,28-03-19,17:37:20:000000,-69.63333333,0
28-03-19 17:38,28-03-19,17:38:00:000000,-62.02941176,0
28-03-19 17:38,28-03-19,17:38:40:000000,-67.77777778,0
28-03-19 17:39,28-03-19,17:39:20:000000,-61.84848485,0
28-03-19 17:40,28-03-19,17:40:00:000000,-68.07142857,0
28-03-19 17:40,28-03-19,17:40:40:000000,-71.87179487,0
28-03-19 17:41,28-03-19,17:41:20:000000,-63.18918919,0
28-03-19 17:42,28-03-19,17:42:00:000000,-56.06060606,0
28-03-19 17:42,28-03-19,17:42:40:000000,-65.82051282,0
28-03-19 17:43,28-03-19,17:43:20:000000,-65.3125,0
28-03-19 17:44,28-03-19,17:44:00:000000,-64.59459459,0
28-03-19 17:44,28-03-19,17:44:40:000000,-73.79487179,0
28-03-19 17:45,28-03-19,17:45:20:000000,-75.8974359,0
28-03-19 17:46,28-03-19,17:46:00:000000,-67.95,1
28-03-19 17:46,28-03-19,17:46:40:000000,-68.97435897,1
28-03-19 17:47,28-03-19,17:47:20:000000,-67.76923077,1
28-03-19 17:48,28-03-19,17:48:00:000000,-61.875,1
28-03-19 17:48,28-03-19,17:48:40:000000,-69.20512821,1
28-03-19 17:49,28-03-19,17:49:20:000000,-65.7,1
28-03-19 17:50,28-03-19,17:50:00:000000,-69.0625,1
28-03-19 17:50,28-03-19,17:50:40:000000,-68.11111111,1
28-03-19 17:51,28-03-19,17:51:20:000000,-75.34285714,0
28-03-19 17:52,28-03-19,17:52:00:000000,-79.02702703,0
28-03-19 17:52,28-03-19,17:52:40:000000,-77.425,0
28-03-19 17:53,28-03-19,17:53:20:000000,-66.28571429,1
28-03-19 17:54,28-03-19,17:54:00:000000,-71.85,0
28-03-19 17:54,28-03-19,17:54:40:000000,-62.6,1
28-03-19 17:55,28-03-19,17:55:20:000000,-64.31578947,1
28-03-19 17:56,28-03-19,17:56:00:000000,-64.7,1
28-03-19 17:56,28-03-19,17:56:40:000000,-74.95,0
28-03-19 17:57,28-03-19,17:57:20:000000,-74.76315789,0
28-03-19 17:58,28-03-19,17:58:00:000000,-67.05,1
28-03-19 17:58,28-03-19,17:58:40:000000,-72.075,0
28-03-19 17:59,28-03-19,17:59:20:000000,-81.15,0
28-03-19 18:00,28-03-19,18:00:00:000000,-79.4,0
28-03-19 18:00,28-03-19,18:00:40:000000,-79.13513514,0
28-03-19 18:01,28-03-19,18:01:20:000000,-80.6,0
28-03-19 18:02,28-03-19,18:02:00:000000,-78.33333333,0
28-03-19 18:02,28-03-19,18:02:40:000000,-79.1,0
28-03-19 18:03,28-03-19,18:03:20:000000,-78.825,0
28-03-19 18:04,28-03-19,18:04:00:000000,-78.42105263,0
28-03-19 18:04,28-03-19,18:04:40:000000,-71.74358974,0
28-03-19 18:05,28-03-19,18:05:20:000000,-68.4,1
28-03-19 18:06,28-03-19,18:06:00:000000,-68.6,1
28-03-19 18:06,28-03-19,18:06:40:000000,-66.65,1
28-03-19 18:07,28-03-19,18:07:20:000000,-61,1
28-03-19 18:08,28-03-19,18:08:00:000000,-64.15,1
28-03-19 18:08,28-03-19,18:08:40:000000,-65.35,1
28-03-19 18:09,28-03-19,18:09:20:000000,-65.41025641,1
28-03-19 18:10,28-03-19,18:10:00:000000,-69.075,1
28-03-19 18:10,28-03-19,18:10:40:000000,-81.38461538,1
28-03-19 18:11,28-03-19,18:11:20:000000,-69,1
28-03-19 18:12,28-03-19,18:12:00:000000,-63.95,1
28-03-19 18:12,28-03-19,18:12:40:000000,-68.475,1
28-03-19 18:13,28-03-19,18:13:20:000000,-66.75,0
28-03-19 18:14,28-03-19,18:14:00:000000,-66.08333333,0
28-03-19 18:14,28-03-19,18:14:40:000000,-64.6,0
28-03-19 18:15,28-03-19,18:15:20:000000,-72.33333333,1
28-03-19 18:16,28-03-19,18:16:00:000000,-82.35,1
28-03-19 18:16,28-03-19,18:16:40:000000,-83.92307692,1
28-03-19 18:17,28-03-19,18:17:20:000000,-83.825,1
28-03-19 18:18,28-03-19,18:18:00:000000,-84.6,1
28-03-19 18:18,28-03-19,18:18:40:000000,-84,1
28-03-19 18:19,28-03-19,18:19:20:000000,-83.94871795,1
28-03-19 18:20,28-03-19,18:20:00:000000,-84.6,1
28-03-19 18:20,28-03-19,18:20:40:000000,-83.96296296,1
28-03-19 18:21,28-03-19,18:21:20:000000,,0
28-03-19 18:22,28-03-19,18:22:00:000000,-82.66666667,0
28-03-19 18:22,28-03-19,18:22:40:000000,-84.5,0
28-03-19 18:23,28-03-19,18:23:20:000000,-84.675,1
28-03-19 18:24,28-03-19,18:24:00:000000,-84.02564103,1
28-03-19 18:24,28-03-19,18:24:40:000000,-84.15789474,1
28-03-19 18:25,28-03-19,18:25:20:000000,-84.075,1
28-03-19 18:26,28-03-19,18:26:00:000000,-84.1875,1
28-03-19 18:26,28-03-19,18:26:40:000000,-84.5,1
28-03-19 18:27,28-03-19,18:27:20:000000,-83.73684211,1
28-03-19 18:28,28-03-19,18:28:00:000000,-84.70967742,0
28-03-19 18:28,28-03-19,18:28:40:000000,-84.07692308,0
28-03-19 18:29,28-03-19,18:29:20:000000,-84.43589744,0
28-03-19 18:30,28-03-19,18:30:00:000000,-84.33333333,0
28-03-19 18:30,28-03-19,18:30:40:000000,-85.12820513,0
28-03-19 18:31,28-03-19,18:31:20:000000,-84.36111111,0
28-03-19 18:32,28-03-19,18:32:00:000000,-85.075,0
28-03-19 18:32,28-03-19,18:32:40:000000,-83.74358974,0
28-03-19 18:33,28-03-19,18:33:20:000000,-84.97297297,0
28-03-19 18:34,28-03-19,18:34:00:000000,-84.17948718,0
28-03-19 18:34,28-03-19,18:34:40:000000,-84.08333333,0
28-03-19 18:35,28-03-19,18:35:20:000000,-84.28947368,0
28-03-19 18:36,28-03-19,18:36:00:000000,-84.84615385,0
28-03-19 18:36,28-03-19,18:36:40:000000,-85.28205128,1
28-03-19 18:37,28-03-19,18:37:20:000000,-85.025,1
28-03-19 18:38,28-03-19,18:38:00:000000,-84.79487179,1
28-03-19 18:38,28-03-19,18:38:40:000000,-84,1
28-03-19 18:39,28-03-19,18:39:20:000000,-84.56410256,1
28-03-19 18:40,28-03-19,18:40:00:000000,-84.05,1
28-03-19 18:40,28-03-19,18:40:40:000000,-85,1
28-03-19 18:41,28-03-19,18:41:20:000000,-83.82352941,1
28-03-19 18:42,28-03-19,18:42:00:000000,-83.57142857,0
28-03-19 18:42,28-03-19,18:42:40:000000,-83.41025641,0
28-03-19 18:43,28-03-19,18:43:20:000000,-84.64102564,1
28-03-19 18:44,28-03-19,18:44:00:000000,-84.675,1
28-03-19 18:44,28-03-19,18:44:40:000000,-84.3,1
28-03-19 18:45,28-03-19,18:45:20:000000,-84.2,1
28-03-19 18:46,28-03-19,18:46:00:000000,-84.675,1
28-03-19 18:46,28-03-19,18:46:40:000000,-84.25,1
28-03-19 18:47,28-03-19,18:47:20:000000,-84.35897436,1
28-03-19 18:48,28-03-19,18:48:00:000000,-84.33333333,0
28-03-19 18:48,28-03-19,18:48:40:000000,-83.525,0
28-03-19 18:49,28-03-19,18:49:20:000000,-84.5,0
28-03-19 18:50,28-03-19,18:50:00:000000,-84.63157895,0
28-03-19 18:50,28-03-19,18:50:40:000000,-85.175,0
28-03-19 18:51,28-03-19,18:51:20:000000,-84.125,0
28-03-19 18:52,28-03-19,18:52:00:000000,-83.775,0
28-03-19 18:52,28-03-19,18:52:40:000000,-84.225,0
28-03-19 18:53,28-03-19,18:53:20:000000,-84.2,0
28-03-19 18:54,28-03-19,18:54:00:000000,-83.975,0
28-03-19 18:54,28-03-19,18:54:40:000000,-85.275,0
28-03-19 18:55,28-03-19,18:55:20:000000,-84.375,0
28-03-19 18:56,28-03-19,18:56:00:000000,-85.425,0
28-03-19 18:56,28-03-19,18:56:40:000000,-83.975,0
28-03-19 18:57,28-03-19,18:57:20:000000,-83.9,0
28-03-19 18:58,28-03-19,18:58:00:000000,-84.55,0
28-03-19 18:58,28-03-19,18:58:40:000000,-84.075,0
28-03-19 18:59,28-03-19,18:59:20:000000,-84.8,0
28-03-19 19:00,28-03-19,19:00:00:000000,-83.3,0
28-03-19 19:00,28-03-19,19:00:40:000000,-84.95,0
28-03-19 19:01,28-03-19,19:01:20:000000,-84.175,0
28-03-19 19:02,28-03-19,19:02:00:000000,-84.25,0
28-03-19 19:02,28-03-19,19:02:40:000000,-84.025,0
28-03-19 19:03,28-03-19,19:03:20:000000,-84.85,0
28-03-19 19:04,28-03-19,19:04:00:000000,-84.675,0
28-03-19 19:04,28-03-19,19:04:40:000000,-84,0
28-03-19 19:05,28-03-19,19:05:20:000000,-84.275,0
28-03-19 19:06,28-03-19,19:06:00:000000,-83.85,0
28-03-19 19:06,28-03-19,19:06:40:000000,-83.925,0
28-03-19 19:07,28-03-19,19:07:20:000000,-84.3,0
28-03-19 19:08,28-03-19,19:08:00:000000,-84.9,0
28-03-19 19:08,28-03-19,19:08:40:000000,-84.075,0
28-03-19 19:09,28-03-19,19:09:20:000000,-83.8,0
28-03-19 19:10,28-03-19,19:10:00:000000,-83.675,0
28-03-19 19:10,28-03-19,19:10:40:000000,-84.525,0
28-03-19 19:11,28-03-19,19:11:20:000000,-84.1,0
28-03-19 19:12,28-03-19,19:12:00:000000,-83.4,0
28-03-19 19:12,28-03-19,19:12:40:000000,-84.425,0
28-03-19 19:13,28-03-19,19:13:20:000000,-84.5,0
28-03-19 19:14,28-03-19,19:14:00:000000,-84.35,0
28-03-19 19:14,28-03-19,19:14:40:000000,-84.325,0
28-03-19 19:15,28-03-19,19:15:20:000000,-84.75,0
28-03-19 19:16,28-03-19,19:16:00:000000,-84.275,0
28-03-19 19:16,28-03-19,19:16:40:000000,-84.55,0
28-03-19 19:17,28-03-19,19:17:20:000000,-85.05,0
28-03-19 19:18,28-03-19,19:18:00:000000,-84.75,0
28-03-19 19:18,28-03-19,19:18:40:000000,-83.625,0
28-03-19 19:19,28-03-19,19:19:20:000000,-84.85,0
28-03-19 19:20,28-03-19,19:20:00:000000,-84.15,0
28-03-19 19:20,28-03-19,19:20:40:000000,-84.725,0
28-03-19 19:21,28-03-19,19:21:20:000000,-84.775,0
28-03-19 19:22,28-03-19,19:22:00:000000,-84.325,0
28-03-19 19:22,28-03-19,19:22:40:000000,-83.275,0
28-03-19 19:23,28-03-19,19:23:20:000000,-84.425,0
28-03-19 19:24,28-03-19,19:24:00:000000,-84.2,0
28-03-19 19:24,28-03-19,19:24:40:000000,-84.725,0
28-03-19 19:25,28-03-19,19:25:20:000000,-84.5,0
28-03-19 19:26,28-03-19,19:26:00:000000,-83.725,0
28-03-19 19:26,28-03-19,19:26:40:000000,-83.05,0
28-03-19 19:27,28-03-19,19:27:20:000000,-83.975,0
28-03-19 19:28,28-03-19,19:28:00:000000,-83.85,0
28-03-19 19:28,28-03-19,19:28:40:000000,-84.3,0
28-03-19 19:29,28-03-19,19:29:20:000000,-84.2,0
28-03-19 19:30,28-03-19,19:30:00:000000,-84.7,0
28-03-19 19:30,28-03-19,19:30:40:000000,-84.825,0
28-03-19 19:31,28-03-19,19:31:20:000000,-83.9,0
28-03-19 19:32,28-03-19,19:32:00:000000,-84.45,0
28-03-19 19:32,28-03-19,19:32:40:000000,-84.65,0
28-03-19 19:33,28-03-19,19:33:20:000000,-84.3,0
28-03-19 19:34,28-03-19,19:34:00:000000,-84.375,0
28-03-19 19:34,28-03-19,19:34:40:000000,-85.275,0
28-03-19 19:35,28-03-19,19:35:20:000000,-84.525,0
28-03-19 19:36,28-03-19,19:36:00:000000,-84.05,0
28-03-19 19:36,28-03-19,19:36:40:000000,-84.175,0
28-03-19 19:37,28-03-19,19:37:20:000000,-85.025,0
28-03-19 19:38,28-03-19,19:38:00:000000,-83.825,0
28-03-19 19:38,28-03-19,19:38:40:000000,-85.05,0
28-03-19 19:39,28-03-19,19:39:20:000000,-84.1,0
28-03-19 19:40,28-03-19,19:40:00:000000,-84.3,0
28-03-19 19:40,28-03-19,19:40:40:000000,-84.725,0
28-03-19 19:41,28-03-19,19:41:20:000000,-83.15,0
28-03-19 19:42,28-03-19,19:42:00:000000,-84.575,0
28-03-19 19:42,28-03-19,19:42:40:000000,-84.5,0
28-03-19 19:43,28-03-19,19:43:20:000000,-84.3,0
28-03-19 19:44,28-03-19,19:44:00:000000,-84.325,0
28-03-19 19:44,28-03-19,19:44:40:000000,-84.15,0
28-03-19 19:45,28-03-19,19:45:20:000000,-84.35,0
28-03-19 19:46,28-03-19,19:46:00:000000,-83.975,0
28-03-19 19:46,28-03-19,19:46:40:000000,-84.625,0
28-03-19 19:47,28-03-19,19:47:20:000000,-84.175,0
28-03-19 19:48,28-03-19,19:48:00:000000,-84.9,0
28-03-19 19:48,28-03-19,19:48:40:000000,-84.575,0
28-03-19 19:49,28-03-19,19:49:20:000000,-84.25,0
28-03-19 19:50,28-03-19,19:50:00:000000,-83.825,0
28-03-19 19:50,28-03-19,19:50:40:000000,-83.975,0
28-03-19 19:51,28-03-19,19:51:20:000000,-84,0
28-03-19 19:52,28-03-19,19:52:00:000000,-84.425,0
28-03-19 19:52,28-03-19,19:52:40:000000,-84.15,0
28-03-19 19:53,28-03-19,19:53:20:000000,-84.975,0
28-03-19 19:54,28-03-19,19:54:00:000000,-84.875,0
28-03-19 19:54,28-03-19,19:54:40:000000,-83.825,0
28-03-19 19:55,28-03-19,19:55:20:000000,-84.95,0
28-03-19 19:56,28-03-19,19:56:00:000000,-84.225,0
28-03-19 19:56,28-03-19,19:56:40:000000,-84.175,0
28-03-19 19:57,28-03-19,19:57:20:000000,-84.075,0
28-03-19 19:58,28-03-19,19:58:00:000000,-84.525,0
28-03-19 19:58,28-03-19,19:58:40:000000,-83.825,0
28-03-19 19:59,28-03-19,19:59:20:000000,-83.85,0
28-03-19 20:00,28-03-19,20:00:00:000000,-83.65,0
28-03-19 20:00,28-03-19,20:00:40:000000,-84.5,0
28-03-19 20:01,28-03-19,20:01:20:000000,-84.05,0
28-03-19 20:02,28-03-19,20:02:00:000000,-85.05,0
28-03-19 20:02,28-03-19,20:02:40:000000,-83.925,0
28-03-19 20:03,28-03-19,20:03:20:000000,-84.025,0
28-03-19 20:04,28-03-19,20:04:00:000000,-84.2,0
28-03-19 20:04,28-03-19,20:04:40:000000,-85.175,0
28-03-19 20:05,28-03-19,20:05:20:000000,-83.775,0
28-03-19 20:06,28-03-19,20:06:00:000000,-84.3,0
28-03-19 20:06,28-03-19,20:06:40:000000,-83.75,0
28-03-19 20:07,28-03-19,20:07:20:000000,-83.775,0
28-03-19 20:08,28-03-19,20:08:00:000000,-83.85,0
28-03-19 20:08,28-03-19,20:08:40:000000,-84.075,0
28-03-19 20:09,28-03-19,20:09:20:000000,-84.97435897,0
28-03-19 20:10,28-03-19,20:10:00:000000,-84.6,0
28-03-19 20:10,28-03-19,20:10:40:000000,-84.625,0
28-03-19 20:11,28-03-19,20:11:20:000000,-84.25,0
28-03-19 20:12,28-03-19,20:12:00:000000,-83.7,0
28-03-19 20:12,28-03-19,20:12:40:000000,-83.925,0
28-03-19 20:13,28-03-19,20:13:20:000000,-84.35,0
28-03-19 20:14,28-03-19,20:14:00:000000,-84.05,0
28-03-19 20:14,28-03-19,20:14:40:000000,-84.625,0
28-03-19 20:15,28-03-19,20:15:20:000000,-85.075,0
28-03-19 20:16,28-03-19,20:16:00:000000,-84.35,0
28-03-19 20:16,28-03-19,20:16:40:000000,-84.175,0
28-03-19 20:17,28-03-19,20:17:20:000000,-84.225,0
28-03-19 20:18,28-03-19,20:18:00:000000,-83.6,0
28-03-19 20:18,28-03-19,20:18:40:000000,-84.9,0
28-03-19 20:19,28-03-19,20:19:20:000000,-84.175,0
28-03-19 20:20,28-03-19,20:20:00:000000,-84.425,0
28-03-19 20:20,28-03-19,20:20:40:000000,-84.075,0
28-03-19 20:21,28-03-19,20:21:20:000000,-84.625,0
28-03-19 20:22,28-03-19,20:22:00:000000,-84.475,0
28-03-19 20:22,28-03-19,20:22:40:000000,-85.35,0
28-03-19 20:23,28-03-19,20:23:20:000000,-84.475,0
28-03-19 20:24,28-03-19,20:24:00:000000,-84,0
28-03-19 20:24,28-03-19,20:24:40:000000,-84.825,0
28-03-19 20:25,28-03-19,20:25:20:000000,-84.5,0
28-03-19 20:26,28-03-19,20:26:00:000000,-83.6,0
28-03-19 20:26,28-03-19,20:26:40:000000,-85.225,0
28-03-19 20:27,28-03-19,20:27:20:000000,-84.125,0
28-03-19 20:28,28-03-19,20:28:00:000000,-85.125,0
28-03-19 20:28,28-03-19,20:28:40:000000,-83.975,0
28-03-19 20:29,28-03-19,20:29:20:000000,-84.225,0
28-03-19 20:30,28-03-19,20:30:00:000000,-84.75,0
28-03-19 20:30,28-03-19,20:30:40:000000,-84.275,0
28-03-19 20:31,28-03-19,20:31:20:000000,-84.225,0
28-03-19 20:32,28-03-19,20:32:00:000000,-83.4,0
28-03-19 20:32,28-03-19,20:32:40:000000,-83.975,0
28-03-19 20:33,28-03-19,20:33:20:000000,-83.9,0
28-03-19 20:34,28-03-19,20:34:00:000000,-85.375,0
28-03-19 20:34,28-03-19,20:34:40:000000,-84.625,0
28-03-19 20:35,28-03-19,20:35:20:000000,-84.3,0
28-03-19 20:36,28-03-19,20:36:00:000000,-83.925,0
28-03-19 20:36,28-03-19,20:36:40:000000,-83.9,0
28-03-19 20:37,28-03-19,20:37:20:000000,-84.35,0
28-03-19 20:38,28-03-19,20:38:00:000000,-84.3,0
28-03-19 20:38,28-03-19,20:38:40:000000,-84.575,0
28-03-19 20:39,28-03-19,20:39:20:000000,-83.975,0
28-03-19 20:40,28-03-19,20:40:00:000000,-84.55,0
28-03-19 20:40,28-03-19,20:40:40:000000,-84.55,0
28-03-19 20:41,28-03-19,20:41:20:000000,-84.3,0
28-03-19 20:42,28-03-19,20:42:00:000000,-83.525,0
28-03-19 20:42,28-03-19,20:42:40:000000,-84.8,0
28-03-19 20:43,28-03-19,20:43:20:000000,-84.2,0
28-03-19 20:44,28-03-19,20:44:00:000000,-83.375,0
28-03-19 20:44,28-03-19,20:44:40:000000,-84.45,0
28-03-19 20:45,28-03-19,20:45:20:000000,-83.95,0
28-03-19 20:46,28-03-19,20:46:00:000000,-84.425,0
28-03-19 20:46,28-03-19,20:46:40:000000,-84.55,0
28-03-19 20:47,28-03-19,20:47:20:000000,-84.175,0
28-03-19 20:48,28-03-19,20:48:00:000000,-84.6,0
28-03-19 20:48,28-03-19,20:48:40:000000,-84.325,0
28-03-19 20:49,28-03-19,20:49:20:000000,-84.775,0
28-03-19 20:50,28-03-19,20:50:00:000000,-84.75,0
28-03-19 20:50,28-03-19,20:50:40:000000,-83.975,0
28-03-19 20:51,28-03-19,20:51:20:000000,-84.3,0
28-03-19 20:52,28-03-19,20:52:00:000000,-82.85,0
28-03-19 20:52,28-03-19,20:52:40:000000,-84.3,0
28-03-19 20:53,28-03-19,20:53:20:000000,-84.475,0
28-03-19 20:54,28-03-19,20:54:00:000000,-84.125,0
28-03-19 20:54,28-03-19,20:54:40:000000,-84.025,0
28-03-19 20:55,28-03-19,20:55:20:000000,-84.8,0
28-03-19 20:56,28-03-19,20:56:00:000000,-83.925,0
28-03-19 20:56,28-03-19,20:56:40:000000,-84.1,0
28-03-19 20:57,28-03-19,20:57:20:000000,-84.775,0
28-03-19 20:58,28-03-19,20:58:00:000000,-84.6,0
28-03-19 20:58,28-03-19,20:58:40:000000,-84.35,0
28-03-19 20:59,28-03-19,20:59:20:000000,-83.55,0
28-03-19 21:00,28-03-19,21:00:00:000000,-84.1,0
28-03-19 21:00,28-03-19,21:00:40:000000,-84.25,0
