bt_date_bt_time,BMP_TEMP,HDC_TEMP,HDC_HUM,Date,Time
2019-03-28 15:00:00,17.66,17.85,58.74,28-03-2019,15:00:00:000000
2019-03-28 15:00:30,17.66,17.85,58.74,28-03-2019,15:00:30:000000
2019-03-28 15:01:00,17.665,17.855,58.64,28-03-2019,15:01:00:000000
2019-03-28 15:01:30,17.67,17.86,58.64,28-03-2019,15:01:30:000000
2019-03-28 15:02:00,17.67,17.85,58.64,28-03-2019,15:02:00:000000
2019-03-28 15:02:30,17.67,17.85,58.595,28-03-2019,15:02:30:000000
2019-03-28 15:03:00,17.67,17.86,58.55,28-03-2019,15:03:00:000000
2019-03-28 15:03:30,17.665,17.855,58.55,28-03-2019,15:03:30:000000
2019-03-28 15:04:00,17.67,17.85,58.55,28-03-2019,15:04:00:000000
2019-03-28 15:04:30,17.68,17.86,58.55,28-03-2019,15:04:30:000000
2019-03-28 15:05:00,17.67,17.86,58.5,28-03-2019,15:05:00:000000
2019-03-28 15:05:30,17.66,17.85,58.45,28-03-2019,15:05:30:000000
2019-03-28 15:06:00,17.665,17.855,58.45,28-03-2019,15:06:00:000000
2019-03-28 15:06:30,17.66,17.85,58.45,28-03-2019,15:06:30:000000
2019-03-28 15:07:00,17.66,17.85,58.45,28-03-2019,15:07:00:000000
2019-03-28 15:07:30,17.67,17.85,58.45,28-03-2019,15:07:30:000000
2019-03-28 15:08:00,17.67,17.85,58.45,28-03-2019,15:08:00:000000
2019-03-28 15:08:30,17.66,17.86,58.45,28-03-2019,15:08:30:000000
2019-03-28 15:09:00,17.655,17.85,58.45,28-03-2019,15:09:00:000000
2019-03-28 15:09:30,17.65,17.83,58.45,28-03-2019,15:09:30:000000
2019-03-28 15:10:00,17.66,17.85,58.35,28-03-2019,15:10:00:000000
2019-03-28 15:10:30,17.65,17.85,58.35,28-03-2019,15:10:30:000000
2019-03-28 15:11:00,17.65,17.85,58.35,28-03-2019,15:11:00:000000
2019-03-28 15:11:30,17.655,17.85,58.35,28-03-2019,15:11:30:000000
2019-03-28 15:12:00,17.65,17.83,58.35,28-03-2019,15:12:00:000000
2019-03-28 15:12:30,17.65,17.85,58.35,28-03-2019,15:12:30:000000
2019-03-28 15:13:00,17.66,17.83,58.305,28-03-2019,15:13:00:000000
2019-03-28 15:13:30,17.65,17.83,58.26,28-03-2019,15:13:30:000000
2019-03-28 15:14:00,17.64,17.83,58.26,28-03-2019,15:14:00:000000
2019-03-28 15:14:30,17.64,17.83,58.26,28-03-2019,15:14:30:000000
2019-03-28 15:15:00,17.65,17.83,58.26,28-03-2019,15:15:00:000000
2019-03-28 15:15:30,17.65,17.82,58.26,28-03-2019,15:15:30:000000
2019-03-28 15:16:00,17.64,17.83,58.26,28-03-2019,15:16:00:000000
2019-03-28 15:16:30,17.634999999999998,17.83,58.26,28-03-2019,15:16:30:000000
2019-03-28 15:17:00,17.64,17.83,58.26,28-03-2019,15:17:00:000000
2019-03-28 15:17:30,17.64,17.83,58.26,28-03-2019,15:17:30:000000
2019-03-28 15:18:00,17.64,17.82,58.209999999999994,28-03-2019,15:18:00:000000
2019-03-28 15:18:30,17.64,17.82,58.16,28-03-2019,15:18:30:000000
2019-03-28 15:19:00,17.63,17.82,58.16,28-03-2019,15:19:00:000000
2019-03-28 15:19:30,17.64,17.82,58.16,28-03-2019,15:19:30:000000
2019-03-28 15:20:00,17.63,17.82,58.16,28-03-2019,15:20:00:000000
2019-03-28 15:20:30,17.63,17.82,58.16,28-03-2019,15:20:30:000000
2019-03-28 15:21:00,17.62,17.82,58.16,28-03-2019,15:21:00:000000
2019-03-28 15:21:30,17.625,17.810000000000002,58.16,28-03-2019,15:21:30:000000
2019-03-28 15:22:00,17.62,17.8,58.16,28-03-2019,15:22:00:000000
2019-03-28 15:22:30,17.61,17.8,58.16,28-03-2019,15:22:30:000000
2019-03-28 15:23:00,17.62,17.82,58.16,28-03-2019,15:23:00:000000
2019-03-28 15:23:30,17.62,17.8,58.16,28-03-2019,15:23:30:000000
2019-03-28 15:24:00,17.61,17.8,58.16,28-03-2019,15:24:00:000000
2019-03-28 15:24:30,17.62,17.8,58.16,28-03-2019,15:24:30:000000
2019-03-28 15:25:00,17.62,17.82,58.16,28-03-2019,15:25:00:000000
2019-03-28 15:25:30,17.62,17.8,58.16,28-03-2019,15:25:30:000000
2019-03-28 15:26:00,17.61,17.8,58.16,28-03-2019,15:26:00:000000
2019-03-28 15:26:30,17.61,17.8,58.16,28-03-2019,15:26:30:000000
2019-03-28 15:27:00,17.61,17.8,58.16,28-03-2019,15:27:00:000000
2019-03-28 15:27:30,17.61,17.8,58.16,28-03-2019,15:27:30:000000
2019-03-28 15:28:00,17.62,17.8,58.16,28-03-2019,15:28:00:000000
2019-03-28 15:28:30,17.61,17.8,58.06,28-03-2019,15:28:30:000000
2019-03-28 15:29:00,17.61,17.8,58.06,28-03-2019,15:29:00:000000
2019-03-28 15:29:30,17.605,17.78,58.06,28-03-2019,15:29:30:000000
2019-03-28 15:30:00,17.61,17.78,58.06,28-03-2019,15:30:00:000000
2019-03-28 15:30:30,17.6,17.78,58.06,28-03-2019,15:30:30:000000
2019-03-28 15:31:00,17.6,17.78,58.06,28-03-2019,15:31:00:000000
2019-03-28 15:31:30,17.6,17.77,58.06,28-03-2019,15:31:30:000000
2019-03-28 15:32:00,17.595,17.775,58.06,28-03-2019,15:32:00:000000
2019-03-28 15:32:30,17.59,17.78,58.06,28-03-2019,15:32:30:000000
2019-03-28 15:33:00,17.59,17.77,58.06,28-03-2019,15:33:00:000000
2019-03-28 15:33:30,17.59,17.77,58.06,28-03-2019,15:33:30:000000
2019-03-28 15:34:00,17.59,17.77,58.06,28-03-2019,15:34:00:000000
2019-03-28 15:34:30,17.59,17.77,58.06,28-03-2019,15:34:30:000000
2019-03-28 15:35:00,17.59,17.78,58.06,28-03-2019,15:35:00:000000
2019-03-28 15:35:30,17.59,17.77,58.06,28-03-2019,15:35:30:000000
2019-03-28 15:36:00,17.6,17.77,58.06,28-03-2019,15:36:00:000000
2019-03-28 15:36:30,17.59,17.77,58.06,28-03-2019,15:36:30:000000
2019-03-28 15:37:00,17.585,17.77,57.97,28-03-2019,15:37:00:000000
2019-03-28 15:37:30,17.58,17.75,57.97,28-03-2019,15:37:30:000000
2019-03-28 15:38:00,17.58,17.75,57.97,28-03-2019,15:38:00:000000
2019-03-28 15:38:30,17.58,17.75,57.97,28-03-2019,15:38:30:000000
2019-03-28 15:39:00,17.58,17.77,57.97,28-03-2019,15:39:00:000000
2019-03-28 15:39:30,17.575,17.75,57.97,28-03-2019,15:39:30:000000
2019-03-28 15:40:00,17.58,17.75,57.97,28-03-2019,15:40:00:000000
2019-03-28 15:40:30,17.58,17.75,57.97,28-03-2019,15:40:30:000000
2019-03-28 15:41:00,17.57,17.75,57.92,28-03-2019,15:41:00:000000
2019-03-28 15:41:30,17.57,17.75,57.87,28-03-2019,15:41:30:000000
2019-03-28 15:42:00,17.57,17.75,57.87,28-03-2019,15:42:00:000000
2019-03-28 15:42:30,17.56,17.75,57.87,28-03-2019,15:42:30:000000
2019-03-28 15:43:00,17.56,17.74,57.87,28-03-2019,15:43:00:000000
2019-03-28 15:43:30,17.56,17.75,57.87,28-03-2019,15:43:30:000000
2019-03-28 15:44:00,17.57,17.75,57.87,28-03-2019,15:44:00:000000
2019-03-28 15:44:30,17.56,17.74,57.87,28-03-2019,15:44:30:000000
2019-03-28 15:45:00,17.555,17.744999999999997,57.87,28-03-2019,15:45:00:000000
2019-03-28 15:45:30,17.56,17.74,57.78,28-03-2019,15:45:30:000000
2019-03-28 15:46:00,17.56,17.74,57.78,28-03-2019,15:46:00:000000
2019-03-28 15:46:30,17.57,17.74,57.765,28-03-2019,15:46:30:000000
2019-03-28 15:47:00,17.56,17.74,57.78,28-03-2019,15:47:00:000000
2019-03-28 15:47:30,17.555,17.74,57.78,28-03-2019,15:47:30:000000
2019-03-28 15:48:00,17.55,17.74,57.78,28-03-2019,15:48:00:000000
2019-03-28 15:48:30,17.56,17.72,57.78,28-03-2019,15:48:30:000000
2019-03-28 15:49:00,17.56,17.75,57.765,28-03-2019,15:49:00:000000
2019-03-28 15:49:30,17.56,17.74,57.78,28-03-2019,15:49:30:000000
2019-03-28 15:50:00,17.555,17.729999999999997,57.78,28-03-2019,15:50:00:000000
2019-03-28 15:50:30,17.55,17.74,57.75,28-03-2019,15:50:30:000000
2019-03-28 15:51:00,17.56,17.74,57.78,28-03-2019,15:51:00:000000
2019-03-28 15:51:30,17.55,17.74,57.730000000000004,28-03-2019,15:51:30:000000
2019-03-28 15:52:00,17.55,17.74,57.65,28-03-2019,15:52:00:000000
2019-03-28 15:52:30,17.56,17.72,57.68,28-03-2019,15:52:30:000000
2019-03-28 15:53:00,17.55,17.72,57.65,28-03-2019,15:53:00:000000
2019-03-28 15:53:30,17.55,17.72,57.68,28-03-2019,15:53:30:000000
2019-03-28 15:54:00,17.55,17.75,57.665,28-03-2019,15:54:00:000000
2019-03-28 15:54:30,17.56,17.74,57.65,28-03-2019,15:54:30:000000
2019-03-28 15:55:00,17.555,17.729999999999997,57.68,28-03-2019,15:55:00:000000
2019-03-28 15:55:30,17.56,17.72,57.56,28-03-2019,15:55:30:000000
2019-03-28 15:56:00,17.55,17.72,57.58,28-03-2019,15:56:00:000000
2019-03-28 15:56:30,17.54,17.74,57.57,28-03-2019,15:56:30:000000
2019-03-28 15:57:00,17.55,17.72,57.56,28-03-2019,15:57:00:000000
2019-03-28 15:57:30,17.54,17.729999999999997,57.56,28-03-2019,15:57:30:000000
2019-03-28 15:58:00,17.55,17.74,57.56,28-03-2019,15:58:00:000000
2019-03-28 15:58:30,17.55,17.74,57.58,28-03-2019,15:58:30:000000
2019-03-28 15:59:00,17.55,17.74,57.535,28-03-2019,15:59:00:000000
2019-03-28 15:59:30,17.56,17.74,57.49,28-03-2019,15:59:30:000000
2019-03-28 16:00:00,17.56,17.74,57.49,28-03-2019,16:00:00:000000
2019-03-28 16:00:30,17.57,17.75,57.49,28-03-2019,16:00:30:000000
2019-03-28 16:01:00,17.57,17.75,57.49,28-03-2019,16:01:00:000000
2019-03-28 16:01:30,17.58,17.75,57.535,28-03-2019,16:01:30:000000
2019-03-28 16:02:00,17.58,17.77,57.58,28-03-2019,16:02:00:000000
2019-03-28 16:02:30,17.59,17.77,57.58,28-03-2019,16:02:30:000000
2019-03-28 16:03:00,17.605,17.79,57.49,28-03-2019,16:03:00:000000
2019-03-28 16:03:30,17.61,17.8,57.49,28-03-2019,16:03:30:000000
2019-03-28 16:04:00,17.62,17.82,57.49,28-03-2019,16:04:00:000000
2019-03-28 16:04:30,17.63,17.83,57.49,28-03-2019,16:04:30:000000
2019-03-28 16:05:00,17.63,17.82,57.49,28-03-2019,16:05:00:000000
2019-03-28 16:05:30,17.65,17.83,57.49,28-03-2019,16:05:30:000000
2019-03-28 16:06:00,17.66,17.83,57.49,28-03-2019,16:06:00:000000
2019-03-28 16:06:30,17.66,17.85,57.39,28-03-2019,16:06:30:000000
2019-03-28 16:07:00,17.66,17.86,57.39,28-03-2019,16:07:00:000000
2019-03-28 16:07:30,17.67,17.85,57.39,28-03-2019,16:07:30:000000
2019-03-28 16:08:00,17.68,17.86,57.39,28-03-2019,16:08:00:000000
2019-03-28 16:08:30,17.68,17.87,57.29,28-03-2019,16:08:30:000000
2019-03-28 16:09:00,17.69,17.87,57.29,28-03-2019,16:09:00:000000
2019-03-28 16:09:30,17.69,17.87,57.29,28-03-2019,16:09:30:000000
2019-03-28 16:10:00,17.7,17.87,57.29,28-03-2019,16:10:00:000000
2019-03-28 16:10:30,17.7,17.895,57.29,28-03-2019,16:10:30:000000
2019-03-28 16:11:00,17.71,17.9,57.29,28-03-2019,16:11:00:000000
2019-03-28 16:11:30,17.71,17.89,57.2,28-03-2019,16:11:30:000000
2019-03-28 16:12:00,17.72,17.9,57.2,28-03-2019,16:12:00:000000
2019-03-28 16:12:30,17.73,17.92,57.2,28-03-2019,16:12:30:000000
2019-03-28 16:13:00,17.73,17.9,57.2,28-03-2019,16:13:00:000000
2019-03-28 16:13:30,17.73,17.92,57.2,28-03-2019,16:13:30:000000
2019-03-28 16:14:00,17.74,17.9,57.11,28-03-2019,16:14:00:000000
2019-03-28 16:14:30,17.74,17.92,57.11,28-03-2019,16:14:30:000000
2019-03-28 16:15:00,17.73,17.93,57.11,28-03-2019,16:15:00:000000
2019-03-28 16:15:30,17.74,17.93,57.11,28-03-2019,16:15:30:000000
2019-03-28 16:16:00,17.74,17.92,57.11,28-03-2019,16:16:00:000000
2019-03-28 16:16:30,17.74,17.93,57.11,28-03-2019,16:16:30:000000
2019-03-28 16:17:00,17.75,17.95,57.11,28-03-2019,16:17:00:000000
2019-03-28 16:17:30,17.75,17.92,57.11,28-03-2019,16:17:30:000000
2019-03-28 16:18:00,17.75,17.93,57.01,28-03-2019,16:18:00:000000
2019-03-28 16:18:30,17.75,17.93,57.01,28-03-2019,16:18:30:000000
2019-03-28 16:19:00,17.75,17.93,57.01,28-03-2019,16:19:00:000000
2019-03-28 16:19:30,17.74,17.93,57.01,28-03-2019,16:19:30:000000
2019-03-28 16:20:00,17.74,17.92,57.01,28-03-2019,16:20:00:000000
2019-03-28 16:20:30,17.74,17.93,57.01,28-03-2019,16:20:30:000000
2019-03-28 16:21:00,17.74,17.925,57.01,28-03-2019,16:21:00:000000
2019-03-28 16:21:30,17.74,17.92,57.01,28-03-2019,16:21:30:000000
2019-03-28 16:22:00,17.74,17.92,57.01,28-03-2019,16:22:00:000000
2019-03-28 16:22:30,17.74,17.92,57.01,28-03-2019,16:22:30:000000
2019-03-28 16:23:00,17.74,17.92,57.01,28-03-2019,16:23:00:000000
2019-03-28 16:23:30,17.74,17.92,57.01,28-03-2019,16:23:30:000000
2019-03-28 16:24:00,17.73,17.92,57.01,28-03-2019,16:24:00:000000
2019-03-28 16:24:30,17.74,17.92,57.01,28-03-2019,16:24:30:000000
2019-03-28 16:25:00,17.73,17.92,57.06,28-03-2019,16:25:00:000000
2019-03-28 16:25:30,17.73,17.92,57.01,28-03-2019,16:25:30:000000
2019-03-28 16:26:00,17.73,17.91,57.01,28-03-2019,16:26:00:000000
2019-03-28 16:26:30,17.72,17.92,57.01,28-03-2019,16:26:30:000000
2019-03-28 16:27:00,17.72,17.9,57.01,28-03-2019,16:27:00:000000
2019-03-28 16:27:30,17.72,17.9,57.06,28-03-2019,16:27:30:000000
2019-03-28 16:28:00,17.73,17.9,57.11,28-03-2019,16:28:00:000000
2019-03-28 16:28:30,17.713333333333335,17.89,57.11,28-03-2019,16:28:30:000000
2019-03-28 16:29:00,17.71,17.9,57.11,28-03-2019,16:29:00:000000
2019-03-28 16:29:30,17.71,17.9,57.11,28-03-2019,16:29:30:000000
2019-03-28 16:30:00,17.71,17.9,57.11,28-03-2019,16:30:00:000000
2019-03-28 16:30:30,17.72,17.9,57.2,28-03-2019,16:30:30:000000
2019-03-28 16:31:00,17.71,17.89,57.2,28-03-2019,16:31:00:000000
2019-03-28 16:31:30,17.7,17.89,57.2,28-03-2019,16:31:30:000000
2019-03-28 16:32:00,17.7,17.89,57.2,28-03-2019,16:32:00:000000
2019-03-28 16:32:30,17.7,17.89,57.2,28-03-2019,16:32:30:000000
2019-03-28 16:33:00,17.69,17.89,57.2,28-03-2019,16:33:00:000000
2019-03-28 16:33:30,17.695,17.87,57.2,28-03-2019,16:33:30:000000
2019-03-28 16:34:00,17.69,17.89,57.2,28-03-2019,16:34:00:000000
2019-03-28 16:34:30,17.69,17.87,57.29,28-03-2019,16:34:30:000000
2019-03-28 16:35:00,17.69,17.87,57.29,28-03-2019,16:35:00:000000
2019-03-28 16:35:30,17.69,17.86,57.29,28-03-2019,16:35:30:000000
2019-03-28 16:36:00,17.685000000000002,17.87,57.29,28-03-2019,16:36:00:000000
2019-03-28 16:36:30,17.68,17.87,57.29,28-03-2019,16:36:30:000000
2019-03-28 16:37:00,17.69,17.87,57.29,28-03-2019,16:37:00:000000
2019-03-28 16:37:30,17.68,17.86,57.39,28-03-2019,16:37:30:000000
2019-03-28 16:38:00,17.69,17.85,57.39,28-03-2019,16:38:00:000000
2019-03-28 16:38:30,17.68,17.86,57.39,28-03-2019,16:38:30:000000
2019-03-28 16:39:00,17.67,17.855,57.39,28-03-2019,16:39:00:000000
2019-03-28 16:39:30,17.67,17.86,57.49,28-03-2019,16:39:30:000000
2019-03-28 16:40:00,17.67,17.85,57.49,28-03-2019,16:40:00:000000
2019-03-28 16:40:30,17.67,17.86,57.49,28-03-2019,16:40:30:000000
2019-03-28 16:41:00,17.66,17.86,57.49,28-03-2019,16:41:00:000000
2019-03-28 16:41:30,17.655,17.845,57.49,28-03-2019,16:41:30:000000
2019-03-28 16:42:00,17.66,17.85,57.49,28-03-2019,16:42:00:000000
2019-03-28 16:42:30,17.65,17.83,57.49,28-03-2019,16:42:30:000000
2019-03-28 16:43:00,17.65,17.83,57.49,28-03-2019,16:43:00:000000
2019-03-28 16:43:30,17.64,17.85,57.58,28-03-2019,16:43:30:000000
2019-03-28 16:44:00,17.65,17.825,57.58,28-03-2019,16:44:00:000000
2019-03-28 16:44:30,17.64,17.82,57.58,28-03-2019,16:44:30:000000
2019-03-28 16:45:00,17.65,17.83,57.58,28-03-2019,16:45:00:000000
2019-03-28 16:45:30,17.63,17.83,57.68,28-03-2019,16:45:30:000000
2019-03-28 16:46:00,17.65,17.83,57.68,28-03-2019,16:46:00:000000
2019-03-28 16:46:30,17.64,17.825,57.68,28-03-2019,16:46:30:000000
2019-03-28 16:47:00,17.64,17.82,57.78,28-03-2019,16:47:00:000000
2019-03-28 16:47:30,17.63,17.82,57.78,28-03-2019,16:47:30:000000
2019-03-28 16:48:00,17.63,17.82,57.78,28-03-2019,16:48:00:000000
2019-03-28 16:48:30,17.63,17.82,57.78,28-03-2019,16:48:30:000000
2019-03-28 16:49:00,17.63,17.83,57.78,28-03-2019,16:49:00:000000
2019-03-28 16:49:30,17.65,17.8,57.87,28-03-2019,16:49:30:000000
2019-03-28 16:50:00,17.63,17.8,57.87,28-03-2019,16:50:00:000000
2019-03-28 16:50:30,17.63,17.8,57.87,28-03-2019,16:50:30:000000
2019-03-28 16:51:00,17.63,17.8,57.87,28-03-2019,16:51:00:000000
2019-03-28 16:51:30,17.63,17.8,57.87,28-03-2019,16:51:30:000000
2019-03-28 16:52:00,17.62,17.82,57.87,28-03-2019,16:52:00:000000
2019-03-28 16:52:30,17.62,17.82,57.97,28-03-2019,16:52:30:000000
2019-03-28 16:53:00,17.62,17.8,57.97,28-03-2019,16:53:00:000000
2019-03-28 16:53:30,17.62,17.8,57.97,28-03-2019,16:53:30:000000
2019-03-28 16:54:00,17.625,17.79,57.97,28-03-2019,16:54:00:000000
2019-03-28 16:54:30,17.62,17.8,57.97,28-03-2019,16:54:30:000000
2019-03-28 16:55:00,17.61,17.8,57.97,28-03-2019,16:55:00:000000
2019-03-28 16:55:30,17.62,17.78,57.97,28-03-2019,16:55:30:000000
2019-03-28 16:56:00,17.61,17.8,57.97,28-03-2019,16:56:00:000000
2019-03-28 16:56:30,17.62,17.8,57.97,28-03-2019,16:56:30:000000
2019-03-28 16:57:00,17.605,17.775,57.97,28-03-2019,16:57:00:000000
2019-03-28 16:57:30,17.61,17.78,57.97,28-03-2019,16:57:30:000000
2019-03-28 16:58:00,17.59,17.78,57.97,28-03-2019,16:58:00:000000
2019-03-28 16:58:30,17.6,17.77,57.97,28-03-2019,16:58:30:000000
2019-03-28 16:59:00,17.61,17.77,57.97,28-03-2019,16:59:00:000000
2019-03-28 16:59:30,17.605,17.78,57.97,28-03-2019,16:59:30:000000
2019-03-28 17:00:00,17.61,17.8,57.97,28-03-2019,17:00:00:000000
2019-03-28 17:00:30,17.62,17.8,57.97,28-03-2019,17:00:30:000000
2019-03-28 17:01:00,17.62,17.8,58.015,28-03-2019,17:01:00:000000
2019-03-28 17:01:30,17.62,17.82,58.06,28-03-2019,17:01:30:000000
2019-03-28 17:02:00,17.63,17.825,57.97,28-03-2019,17:02:00:000000
2019-03-28 17:02:30,17.65,17.83,57.97,28-03-2019,17:02:30:000000
2019-03-28 17:03:00,17.66,17.83,57.97,28-03-2019,17:03:00:000000
2019-03-28 17:03:30,17.65,17.85,57.97,28-03-2019,17:03:30:000000
2019-03-28 17:04:00,17.66,17.85,57.97,28-03-2019,17:04:00:000000
2019-03-28 17:04:30,17.673333333333336,17.86,57.97,28-03-2019,17:04:30:000000
2019-03-28 17:05:00,17.68,17.86,57.97,28-03-2019,17:05:00:000000
2019-03-28 17:05:30,17.68,17.87,57.97,28-03-2019,17:05:30:000000
2019-03-28 17:06:00,17.69,17.87,57.97,28-03-2019,17:06:00:000000
2019-03-28 17:06:30,17.7,17.89,57.87,28-03-2019,17:06:30:000000
2019-03-28 17:07:00,17.7,17.880000000000003,57.87,28-03-2019,17:07:00:000000
2019-03-28 17:07:30,17.71,17.89,57.87,28-03-2019,17:07:30:000000
2019-03-28 17:08:00,17.71,17.89,57.87,28-03-2019,17:08:00:000000
2019-03-28 17:08:30,17.72,17.89,57.825,28-03-2019,17:08:30:000000
2019-03-28 17:09:00,17.72,17.9,57.78,28-03-2019,17:09:00:000000
2019-03-28 17:09:30,17.72,17.895,57.68,28-03-2019,17:09:30:000000
2019-03-28 17:10:00,17.72,17.9,57.58,28-03-2019,17:10:00:000000
2019-03-28 17:10:30,17.72,17.89,57.58,28-03-2019,17:10:30:000000
2019-03-28 17:11:00,17.72,17.9,57.58,28-03-2019,17:11:00:000000
2019-03-28 17:11:30,17.72,17.92,57.58,28-03-2019,17:11:30:000000
2019-03-28 17:12:00,17.73,17.9,57.58,28-03-2019,17:12:00:000000
2019-03-28 17:12:30,17.725,17.9,57.58,28-03-2019,17:12:30:000000
2019-03-28 17:13:00,17.72,17.9,57.58,28-03-2019,17:13:00:000000
2019-03-28 17:13:30,17.73,17.9,57.68,28-03-2019,17:13:30:000000
2019-03-28 17:14:00,17.73,17.92,57.78,28-03-2019,17:14:00:000000
2019-03-28 17:14:30,17.74,17.92,57.87,28-03-2019,17:14:30:000000
2019-03-28 17:15:00,17.74,17.92,57.97,28-03-2019,17:15:00:000000
2019-03-28 17:15:30,17.75,17.93,57.97,28-03-2019,17:15:30:000000
2019-03-28 17:16:00,17.74,17.93,57.97,28-03-2019,17:16:00:000000
2019-03-28 17:16:30,17.75,17.93,58.06,28-03-2019,17:16:30:000000
2019-03-28 17:17:00,17.75,17.92,58.16,28-03-2019,17:17:00:000000
2019-03-28 17:17:30,17.755000000000003,17.939999999999998,58.16,28-03-2019,17:17:30:000000
2019-03-28 17:18:00,17.76,17.93,58.26,28-03-2019,17:18:00:000000
2019-03-28 17:18:30,17.75,17.93,58.35,28-03-2019,17:18:30:000000
2019-03-28 17:19:00,17.76,17.95,58.35,28-03-2019,17:19:00:000000
2019-03-28 17:19:30,17.77,17.95,58.45,28-03-2019,17:19:30:000000
2019-03-28 17:20:00,17.765,17.95,58.45,28-03-2019,17:20:00:000000
2019-03-28 17:20:30,17.77,17.96,58.55,28-03-2019,17:20:30:000000
2019-03-28 17:21:00,17.77,17.96,58.55,28-03-2019,17:21:00:000000
2019-03-28 17:21:30,17.78,17.95,58.64,28-03-2019,17:21:30:000000
2019-03-28 17:22:00,17.77,17.95,58.74,28-03-2019,17:22:00:000000
2019-03-28 17:22:30,17.775,17.955,58.74,28-03-2019,17:22:30:000000
2019-03-28 17:23:00,17.78,17.96,58.83,28-03-2019,17:23:00:000000
2019-03-28 17:23:30,17.79,17.95,58.83,28-03-2019,17:23:30:000000
2019-03-28 17:24:00,17.78,17.96,58.879999999999995,28-03-2019,17:24:00:000000
2019-03-28 17:24:30,17.78,17.95,58.93,28-03-2019,17:24:30:000000
2019-03-28 17:25:00,17.78,17.955,58.93,28-03-2019,17:25:00:000000
2019-03-28 17:25:30,17.79,17.96,58.93,28-03-2019,17:25:30:000000
2019-03-28 17:26:00,17.79,17.96,58.93,28-03-2019,17:26:00:000000
2019-03-28 17:26:30,17.77,17.96,58.975,28-03-2019,17:26:30:000000
2019-03-28 17:27:00,17.78,17.95,59.02,28-03-2019,17:27:00:000000
2019-03-28 17:27:30,17.775,17.955,59.12,28-03-2019,17:27:30:000000
2019-03-28 17:28:00,17.78,17.96,59.12,28-03-2019,17:28:00:000000
2019-03-28 17:28:30,17.79,17.95,59.12,28-03-2019,17:28:30:000000
2019-03-28 17:29:00,17.78,17.96,59.12,28-03-2019,17:29:00:000000
2019-03-28 17:29:30,17.78,17.96,59.12,28-03-2019,17:29:30:000000
2019-03-28 17:30:00,17.78,17.96,59.12,28-03-2019,17:30:00:000000
2019-03-28 17:30:30,17.775,17.95,59.12,28-03-2019,17:30:30:000000
2019-03-28 17:31:00,17.78,17.95,59.12,28-03-2019,17:31:00:000000
2019-03-28 17:31:30,17.78,17.96,59.22,28-03-2019,17:31:30:000000
2019-03-28 17:32:00,17.76,17.96,59.22,28-03-2019,17:32:00:000000
2019-03-28 17:32:30,17.77,17.96,59.22,28-03-2019,17:32:30:000000
2019-03-28 17:33:00,17.78,17.95,59.22,28-03-2019,17:33:00:000000
2019-03-28 17:33:30,17.77,17.93,59.32,28-03-2019,17:33:30:000000
2019-03-28 17:34:00,17.76,17.95,59.32,28-03-2019,17:34:00:000000
2019-03-28 17:34:30,17.77,17.96,59.364999999999995,28-03-2019,17:34:30:000000
2019-03-28 17:35:00,17.76,17.96,59.41,28-03-2019,17:35:00:000000
2019-03-28 17:35:30,17.775,17.955,59.5,28-03-2019,17:35:30:000000
2019-03-28 17:36:00,17.78,17.95,59.5,28-03-2019,17:36:00:000000
2019-03-28 17:36:30,17.77,17.95,59.5,28-03-2019,17:36:30:000000
2019-03-28 17:37:00,17.77,17.96,59.55,28-03-2019,17:37:00:000000
2019-03-28 17:37:30,17.77,17.96,59.6,28-03-2019,17:37:30:000000
2019-03-28 17:38:00,17.765,17.95,59.6,28-03-2019,17:38:00:000000
2019-03-28 17:38:30,17.78,17.93,59.69,28-03-2019,17:38:30:000000
2019-03-28 17:39:00,17.78,17.95,59.69,28-03-2019,17:39:00:000000
2019-03-28 17:39:30,17.77,17.95,59.69,28-03-2019,17:39:30:000000
2019-03-28 17:40:00,17.77,17.93,59.79,28-03-2019,17:40:00:000000
2019-03-28 17:40:30,17.76,17.939999999999998,59.79,28-03-2019,17:40:30:000000
2019-03-28 17:41:00,17.77,17.95,59.79,28-03-2019,17:41:00:000000
2019-03-28 17:41:30,17.76,17.93,59.79,28-03-2019,17:41:30:000000
2019-03-28 17:42:00,17.77,17.95,59.89,28-03-2019,17:42:00:000000
2019-03-28 17:42:30,17.78,17.93,59.89,28-03-2019,17:42:30:000000
2019-03-28 17:43:00,17.765,17.93,59.99,28-03-2019,17:43:00:000000
2019-03-28 17:43:30,17.75,17.95,59.99,28-03-2019,17:43:30:000000
2019-03-28 17:44:00,17.77,17.95,59.99,28-03-2019,17:44:00:000000
2019-03-28 17:44:30,17.76,17.95,59.99,28-03-2019,17:44:30:000000
2019-03-28 17:45:00,17.75,17.95,59.99,28-03-2019,17:45:00:000000
2019-03-28 17:45:30,17.765,17.95,60.08,28-03-2019,17:45:30:000000
2019-03-28 17:46:00,17.76,17.95,60.08,28-03-2019,17:46:00:000000
2019-03-28 17:46:30,17.76,17.95,60.08,28-03-2019,17:46:30:000000
2019-03-28 17:47:00,17.76,17.95,60.225,28-03-2019,17:47:00:000000
2019-03-28 17:47:30,17.78,17.95,60.37,28-03-2019,17:47:30:000000
2019-03-28 17:48:00,17.77,17.96,60.46,28-03-2019,17:48:00:000000
2019-03-28 17:48:30,17.79,17.98,60.56,28-03-2019,17:48:30:000000
2019-03-28 17:49:00,17.81,17.98,60.75,28-03-2019,17:49:00:000000
2019-03-28 17:49:30,17.81,18.01,60.85,28-03-2019,17:49:30:000000
2019-03-28 17:50:00,17.82,18.0,61.04,28-03-2019,17:50:00:000000
2019-03-28 17:50:30,17.82,18.02,61.13,28-03-2019,17:50:30:000000
2019-03-28 17:51:00,17.835,18.01,61.13,28-03-2019,17:51:00:000000
2019-03-28 17:51:30,17.83,18.04,61.13,28-03-2019,17:51:30:000000
2019-03-28 17:52:00,17.85,18.02,61.13,28-03-2019,17:52:00:000000
2019-03-28 17:52:30,17.86,18.04,61.23,28-03-2019,17:52:30:000000
2019-03-28 17:53:00,17.85,18.04,61.33,28-03-2019,17:53:00:000000
2019-03-28 17:53:30,17.855,18.03,61.81,28-03-2019,17:53:30:000000
2019-03-28 17:54:00,17.87,18.05,63.73888888888889,28-03-2019,17:54:00:000000
2019-03-28 17:54:30,17.88,18.07,67.16600000000001,28-03-2019,17:54:30:000000
2019-03-28 17:55:00,17.89,18.08,68.05,28-03-2019,17:55:00:000000
2019-03-28 17:55:30,17.89,18.1,67.66,28-03-2019,17:55:30:000000
2019-03-28 17:56:00,17.91,18.105,67.76,28-03-2019,17:56:00:000000
2019-03-28 17:56:30,17.91,18.1,67.66,28-03-2019,17:56:30:000000
2019-03-28 17:57:00,17.92,18.1,67.57,28-03-2019,17:57:00:000000
2019-03-28 17:57:30,17.92,18.11,67.38,28-03-2019,17:57:30:000000
2019-03-28 17:58:00,17.91,18.1,66.94,28-03-2019,17:58:00:000000
2019-03-28 17:58:30,17.91,18.09,66.27,28-03-2019,17:58:30:000000
2019-03-28 17:59:00,17.89,18.08,65.695,28-03-2019,17:59:00:000000
2019-03-28 17:59:30,17.89,18.07,65.27,28-03-2019,17:59:30:000000
2019-03-28 18:00:00,17.88,18.05,65.025,28-03-2019,18:00:00:000000
2019-03-28 18:00:30,17.87,18.04,64.59,28-03-2019,18:00:30:000000
2019-03-28 18:01:00,17.86,18.025,64.3,28-03-2019,18:01:00:000000
2019-03-28 18:01:30,17.85,18.01,63.870000000000005,28-03-2019,18:01:30:000000
2019-03-28 18:02:00,17.83,18.02,63.44,28-03-2019,18:02:00:000000
2019-03-28 18:02:30,17.84,18.02,63.25,28-03-2019,18:02:30:000000
2019-03-28 18:03:00,17.83,18.02,63.010000000000005,28-03-2019,18:03:00:000000
2019-03-28 18:03:30,17.83,18.02,62.96,28-03-2019,18:03:30:000000
2019-03-28 18:04:00,17.86,18.02,62.96,28-03-2019,18:04:00:000000
2019-03-28 18:04:30,17.85,18.02,62.86,28-03-2019,18:04:30:000000
2019-03-28 18:05:00,17.86,18.02,62.86,28-03-2019,18:05:00:000000
2019-03-28 18:05:30,17.86,18.05,62.830000000000005,28-03-2019,18:05:30:000000
2019-03-28 18:06:00,17.87,18.05,62.67,28-03-2019,18:06:00:000000
2019-03-28 18:06:30,17.875,18.05,62.67,28-03-2019,18:06:30:000000
2019-03-28 18:07:00,17.88,18.07,62.57,28-03-2019,18:07:00:000000
2019-03-28 18:07:30,17.89,18.07,62.57,28-03-2019,18:07:30:000000
2019-03-28 18:08:00,17.9,18.07,62.57,28-03-2019,18:08:00:000000
2019-03-28 18:08:30,17.9,18.1,62.715,28-03-2019,18:08:30:000000
2019-03-28 18:09:00,17.91,18.095,63.629999999999995,28-03-2019,18:09:00:000000
2019-03-28 18:09:30,17.94,18.11,64.68666666666667,28-03-2019,18:09:30:000000
2019-03-28 18:10:00,17.93,18.12,65.61666666666666,28-03-2019,18:10:00:000000
2019-03-28 18:10:30,17.95,18.12,66.64,28-03-2019,18:10:30:000000
2019-03-28 18:11:00,17.95,18.14,67.28,28-03-2019,18:11:00:000000
2019-03-28 18:11:30,17.96,18.16,67.28,28-03-2019,18:11:30:000000
2019-03-28 18:12:00,17.96,18.16,67.38,28-03-2019,18:12:00:000000
2019-03-28 18:12:30,17.95,18.12,67.08666666666666,28-03-2019,18:12:30:000000
2019-03-28 18:13:00,17.94,18.11,66.36500000000001,28-03-2019,18:13:00:000000
2019-03-28 18:13:30,17.92,18.1,65.78999999999999,28-03-2019,18:13:30:000000
2019-03-28 18:14:00,17.91,18.09,65.36,28-03-2019,18:14:00:000000
2019-03-28 18:14:30,17.89,18.08,64.925,28-03-2019,18:14:30:000000
2019-03-28 18:15:00,17.88,18.07,64.35499999999999,28-03-2019,18:15:00:000000
2019-03-28 18:15:30,17.89,18.07,63.92,28-03-2019,18:15:30:000000
2019-03-28 18:16:00,17.88,18.05,63.63,28-03-2019,18:16:00:000000
2019-03-28 18:16:30,17.88,18.05666666666667,63.373333333333335,28-03-2019,18:16:30:000000
2019-03-28 18:17:00,17.88,18.07,63.25,28-03-2019,18:17:00:000000
2019-03-28 18:17:30,17.88,18.05,63.06,28-03-2019,18:17:30:000000
2019-03-28 18:18:00,17.89,18.07,62.96,28-03-2019,18:18:00:000000
2019-03-28 18:18:30,17.89,18.08,62.86,28-03-2019,18:18:30:000000
2019-03-28 18:19:00,17.89,18.08,62.77,28-03-2019,18:19:00:000000
2019-03-28 18:19:30,17.9,18.1,62.67,28-03-2019,18:19:30:000000
2019-03-28 18:20:00,17.9,18.1,62.67,28-03-2019,18:20:00:000000
2019-03-28 18:20:30,17.91,18.1,62.67,28-03-2019,18:20:30:000000
2019-03-28 18:21:00,17.91,18.1,62.67,28-03-2019,18:21:00:000000
2019-03-28 18:21:30,17.91,18.1,62.67,28-03-2019,18:21:30:000000
2019-03-28 18:22:00,17.91,18.1,62.86,28-03-2019,18:22:00:000000
2019-03-28 18:22:30,17.92,18.11,63.843999999999994,28-03-2019,18:22:30:000000
2019-03-28 18:23:00,17.92,18.11,65.10333333333334,28-03-2019,18:23:00:000000
2019-03-28 18:23:30,17.93,18.1,66.27,28-03-2019,18:23:30:000000
2019-03-28 18:24:00,17.93,18.1,66.99,28-03-2019,18:24:00:000000
2019-03-28 18:24:30,17.93,18.105,67.52000000000001,28-03-2019,18:24:30:000000
2019-03-28 18:25:00,17.93,18.11,68.05,28-03-2019,18:25:00:000000
2019-03-28 18:25:30,17.93,18.12,67.85333333333332,28-03-2019,18:25:30:000000
2019-03-28 18:26:00,17.93,18.11,67.47,28-03-2019,18:26:00:000000
2019-03-28 18:26:30,17.92,18.11,67.57,28-03-2019,18:26:30:000000
2019-03-28 18:27:00,17.91,18.085,67.425,28-03-2019,18:27:00:000000
2019-03-28 18:27:30,17.89,18.07,66.41400000000002,28-03-2019,18:27:30:000000
2019-03-28 18:28:00,17.87,18.04,65.55,28-03-2019,18:28:00:000000
2019-03-28 18:28:30,17.85,18.04,65.55,28-03-2019,18:28:30:000000
2019-03-28 18:29:00,17.84,18.01,65.12,28-03-2019,18:29:00:000000
2019-03-28 18:29:30,17.82,18.0,64.69,28-03-2019,18:29:30:000000
2019-03-28 18:30:00,17.81,18.0,64.4,28-03-2019,18:30:00:000000
2019-03-28 18:30:30,17.81,17.98,64.21,28-03-2019,18:30:30:000000
2019-03-28 18:31:00,17.79,17.96,63.92,28-03-2019,18:31:00:000000
2019-03-28 18:31:30,17.8,17.98,63.63,28-03-2019,18:31:30:000000
2019-03-28 18:32:00,17.785,17.98,63.53,28-03-2019,18:32:00:000000
2019-03-28 18:32:30,17.79,17.96,63.44,28-03-2019,18:32:30:000000
2019-03-28 18:33:00,17.79,17.96,63.34,28-03-2019,18:33:00:000000
2019-03-28 18:33:30,17.79,17.96,63.25,28-03-2019,18:33:30:000000
2019-03-28 18:34:00,17.77,17.95,63.25,28-03-2019,18:34:00:000000
2019-03-28 18:34:30,17.78,17.96,63.15,28-03-2019,18:34:30:000000
2019-03-28 18:35:00,17.78,17.95,63.15,28-03-2019,18:35:00:000000
2019-03-28 18:35:30,17.78,17.95,63.15,28-03-2019,18:35:30:000000
2019-03-28 18:36:00,17.78,17.96,63.06,28-03-2019,18:36:00:000000
2019-03-28 18:36:30,17.77,17.96,63.06,28-03-2019,18:36:30:000000
2019-03-28 18:37:00,17.770000000000003,17.96,63.06,28-03-2019,18:37:00:000000
2019-03-28 18:37:30,17.79,17.98,63.06,28-03-2019,18:37:30:000000
2019-03-28 18:38:00,17.79,17.95,62.96,28-03-2019,18:38:00:000000
2019-03-28 18:38:30,17.8,17.98,62.96,28-03-2019,18:38:30:000000
2019-03-28 18:39:00,17.8,17.98,62.96,28-03-2019,18:39:00:000000
2019-03-28 18:39:30,17.82,18.015,62.96,28-03-2019,18:39:30:000000
2019-03-28 18:40:00,17.87,18.05,62.86,28-03-2019,18:40:00:000000
2019-03-28 18:40:30,17.9,18.1,62.86,28-03-2019,18:40:30:000000
2019-03-28 18:41:00,17.93,18.12,62.86,28-03-2019,18:41:00:000000
2019-03-28 18:41:30,17.96,18.17,63.97571428571429,28-03-2019,18:41:30:000000
2019-03-28 18:42:00,18.01,18.22,65.82249999999999,28-03-2019,18:42:00:000000
2019-03-28 18:42:30,18.075000000000003,18.28,66.92999999999999,28-03-2019,18:42:30:000000
2019-03-28 18:43:00,18.14,18.36,67.51,28-03-2019,18:43:00:000000
2019-03-28 18:43:30,18.19,18.41,67.98500000000001,28-03-2019,18:43:30:000000
2019-03-28 18:44:00,18.24,18.45,68.895,28-03-2019,18:44:00:000000
2019-03-28 18:44:30,18.29,18.49,69.81,28-03-2019,18:44:30:000000
2019-03-28 18:45:00,18.355,18.585,69.375,28-03-2019,18:45:00:000000
2019-03-28 18:45:30,18.41,18.64,68.93,28-03-2019,18:45:30:000000
2019-03-28 18:46:00,18.43,18.66,67.9475,28-03-2019,18:46:00:000000
2019-03-28 18:46:30,18.47,18.68,66.61,28-03-2019,18:46:30:000000
2019-03-28 18:47:00,18.5,18.71,65.39750000000001,28-03-2019,18:47:00:000000
2019-03-28 18:47:30,18.535,18.73,63.888,28-03-2019,18:47:30:000000
2019-03-28 18:48:00,18.56,18.76,62.60333333333333,28-03-2019,18:48:00:000000
2019-03-28 18:48:30,18.58,18.78,61.82,28-03-2019,18:48:30:000000
2019-03-28 18:49:00,18.6,18.79,61.245000000000005,28-03-2019,18:49:00:000000
2019-03-28 18:49:30,18.62,18.82,60.616666666666674,28-03-2019,18:49:30:000000
2019-03-28 18:50:00,18.633333333333333,18.823333333333334,60.24,28-03-2019,18:50:00:000000
2019-03-28 18:50:30,18.66,18.85,59.95,28-03-2019,18:50:30:000000
2019-03-28 18:51:00,18.67,18.86,59.66,28-03-2019,18:51:00:000000
2019-03-28 18:51:30,18.69,18.86,59.47,28-03-2019,18:51:30:000000
2019-03-28 18:52:00,18.7,18.89,59.08,28-03-2019,18:52:00:000000
2019-03-28 18:52:30,18.705,18.884999999999998,58.99,28-03-2019,18:52:30:000000
2019-03-28 18:53:00,18.71,18.89,58.7,28-03-2019,18:53:00:000000
2019-03-28 18:53:30,18.71,18.91,58.6,28-03-2019,18:53:30:000000
2019-03-28 18:54:00,18.71,18.89,58.36,28-03-2019,18:54:00:000000
2019-03-28 18:54:30,18.72,18.89,58.22,28-03-2019,18:54:30:000000
2019-03-28 18:55:00,18.725,18.91,58.12,28-03-2019,18:55:00:000000
2019-03-28 18:55:30,18.72,18.91,58.03,28-03-2019,18:55:30:000000
2019-03-28 18:56:00,18.72,18.91,58.03,28-03-2019,18:56:00:000000
2019-03-28 18:56:30,18.72,18.91,57.93,28-03-2019,18:56:30:000000
2019-03-28 18:57:00,18.72,18.91,57.83,28-03-2019,18:57:00:000000
2019-03-28 18:57:30,18.71,18.89,57.83,28-03-2019,18:57:30:000000
2019-03-28 18:58:00,18.71,18.88,57.83,28-03-2019,18:58:00:000000
2019-03-28 18:58:30,18.7,18.88,57.74,28-03-2019,18:58:30:000000
2019-03-28 18:59:00,18.69,18.88,57.74,28-03-2019,18:59:00:000000
2019-03-28 18:59:30,18.69,18.85,57.69,28-03-2019,18:59:30:000000
2019-03-28 19:00:00,18.67,18.85,57.64,28-03-2019,19:00:00:000000
2019-03-28 19:00:30,18.665,18.84,57.64,28-03-2019,19:00:30:000000
2019-03-28 19:01:00,18.66,18.82,57.64,28-03-2019,19:01:00:000000
2019-03-28 19:01:30,18.65,18.82,57.55,28-03-2019,19:01:30:000000
2019-03-28 19:02:00,18.64,18.81,57.55,28-03-2019,19:02:00:000000
2019-03-28 19:02:30,18.63,18.79,57.55,28-03-2019,19:02:30:000000
2019-03-28 19:03:00,18.619999999999997,18.79,57.55,28-03-2019,19:03:00:000000
2019-03-28 19:03:30,18.6,18.76,57.55,28-03-2019,19:03:30:000000
2019-03-28 19:04:00,18.58,18.76,57.55,28-03-2019,19:04:00:000000
2019-03-28 19:04:30,18.57,18.75,57.55,28-03-2019,19:04:30:000000
2019-03-28 19:05:00,18.56,18.74,57.55,28-03-2019,19:05:00:000000
2019-03-28 19:05:30,18.555,18.71,57.55,28-03-2019,19:05:30:000000
2019-03-28 19:06:00,18.54,18.7,57.55,28-03-2019,19:06:00:000000
2019-03-28 19:06:30,18.53,18.7,57.55,28-03-2019,19:06:30:000000
2019-03-28 19:07:00,18.52,18.68,57.55,28-03-2019,19:07:00:000000
2019-03-28 19:07:30,18.51,18.68,57.45,28-03-2019,19:07:30:000000
2019-03-28 19:08:00,18.485,18.66,57.45,28-03-2019,19:08:00:000000
2019-03-28 19:08:30,18.46,18.63,57.45,28-03-2019,19:08:30:000000
2019-03-28 19:09:00,18.46,18.63,57.45,28-03-2019,19:09:00:000000
2019-03-28 19:09:30,18.45,18.63,57.45,28-03-2019,19:09:30:000000
2019-03-28 19:10:00,18.43,18.61,57.45,28-03-2019,19:10:00:000000
2019-03-28 19:10:30,18.415,18.605,57.45,28-03-2019,19:10:30:000000
2019-03-28 19:11:00,18.41,18.58,57.45,28-03-2019,19:11:00:000000
2019-03-28 19:11:30,18.4,18.58,57.42,28-03-2019,19:11:30:000000
2019-03-28 19:12:00,18.39,18.57,57.375,28-03-2019,19:12:00:000000
2019-03-28 19:12:30,18.38,18.56,57.42,28-03-2019,19:12:30:000000
2019-03-28 19:13:00,18.376666666666665,18.55333333333333,57.42,28-03-2019,19:13:00:000000
2019-03-28 19:13:30,18.37,18.54,57.42,28-03-2019,19:13:30:000000
2019-03-28 19:14:00,18.35,18.52,57.42,28-03-2019,19:14:00:000000
2019-03-28 19:14:30,18.34,18.51,57.42,28-03-2019,19:14:30:000000
2019-03-28 19:15:00,18.34,18.49,57.42,28-03-2019,19:15:00:000000
2019-03-28 19:15:30,18.314999999999998,18.485,57.51,28-03-2019,19:15:30:000000
2019-03-28 19:16:00,18.31,18.48,57.51,28-03-2019,19:16:00:000000
2019-03-28 19:16:30,18.3,18.46,57.51,28-03-2019,19:16:30:000000
2019-03-28 19:17:00,18.29,18.46,57.51,28-03-2019,19:17:00:000000
2019-03-28 19:17:30,18.28,18.45,57.51,28-03-2019,19:17:30:000000
2019-03-28 19:18:00,18.27,18.43,57.51,28-03-2019,19:18:00:000000
2019-03-28 19:18:30,18.25,18.43,57.61,28-03-2019,19:18:30:000000
2019-03-28 19:19:00,18.25,18.42,57.61,28-03-2019,19:19:00:000000
2019-03-28 19:19:30,18.24,18.41,57.61,28-03-2019,19:19:30:000000
2019-03-28 19:20:00,18.23,18.41,57.61,28-03-2019,19:20:00:000000
2019-03-28 19:20:30,18.22,18.39,57.61,28-03-2019,19:20:30:000000
2019-03-28 19:21:00,18.21,18.38,57.71,28-03-2019,19:21:00:000000
2019-03-28 19:21:30,18.19,18.36,57.71,28-03-2019,19:21:30:000000
2019-03-28 19:22:00,18.18,18.36,57.71,28-03-2019,19:22:00:000000
2019-03-28 19:22:30,18.18,18.34,57.71,28-03-2019,19:22:30:000000
2019-03-28 19:23:00,18.17,18.34,57.71,28-03-2019,19:23:00:000000
2019-03-28 19:23:30,18.14,18.314999999999998,57.81,28-03-2019,19:23:30:000000
2019-03-28 19:24:00,18.14,18.3,57.81,28-03-2019,19:24:00:000000
2019-03-28 19:24:30,18.12,18.3,57.81,28-03-2019,19:24:30:000000
2019-03-28 19:25:00,18.12,18.27,57.855000000000004,28-03-2019,19:25:00:000000
2019-03-28 19:25:30,18.11,18.27,57.9,28-03-2019,19:25:30:000000
2019-03-28 19:26:00,18.095,18.265,57.9,28-03-2019,19:26:00:000000
2019-03-28 19:26:30,18.08,18.25,57.9,28-03-2019,19:26:30:000000
2019-03-28 19:27:00,18.08,18.25,57.9,28-03-2019,19:27:00:000000
2019-03-28 19:27:30,18.07,18.23,57.9,28-03-2019,19:27:30:000000
2019-03-28 19:28:00,18.05,18.23,58.0,28-03-2019,19:28:00:000000
2019-03-28 19:28:30,18.04,18.21,58.0,28-03-2019,19:28:30:000000
2019-03-28 19:29:00,18.03,18.2,58.0,28-03-2019,19:29:00:000000
2019-03-28 19:29:30,18.02,18.19,58.0,28-03-2019,19:29:30:000000
2019-03-28 19:30:00,18.01,18.17,58.045,28-03-2019,19:30:00:000000
2019-03-28 19:30:30,18.01,18.17,58.09,28-03-2019,19:30:30:000000
2019-03-28 19:31:00,18.0,18.165,58.06,28-03-2019,19:31:00:000000
2019-03-28 19:31:30,17.99,18.16,58.06,28-03-2019,19:31:30:000000
2019-03-28 19:32:00,17.98,18.14,58.06,28-03-2019,19:32:00:000000
2019-03-28 19:32:30,17.97,18.14,58.11,28-03-2019,19:32:30:000000
2019-03-28 19:33:00,17.97,18.11,58.16,28-03-2019,19:33:00:000000
2019-03-28 19:33:30,17.955,18.115000000000002,58.16,28-03-2019,19:33:30:000000
2019-03-28 19:34:00,17.95,18.11,58.16,28-03-2019,19:34:00:000000
2019-03-28 19:34:30,17.95,18.11,58.16,28-03-2019,19:34:30:000000
2019-03-28 19:35:00,17.93,18.1,58.16,28-03-2019,19:35:00:000000
2019-03-28 19:35:30,17.93,18.1,58.26,28-03-2019,19:35:30:000000
2019-03-28 19:36:00,17.91,18.08,58.26,28-03-2019,19:36:00:000000
2019-03-28 19:36:30,17.915,18.08,58.26,28-03-2019,19:36:30:000000
2019-03-28 19:37:00,17.91,18.07,58.26,28-03-2019,19:37:00:000000
2019-03-28 19:37:30,17.91,18.07,58.35,28-03-2019,19:37:30:000000
2019-03-28 19:38:00,17.9,18.07,58.35,28-03-2019,19:38:00:000000
2019-03-28 19:38:30,17.89,18.07,58.35,28-03-2019,19:38:30:000000
2019-03-28 19:39:00,17.9,18.075,58.35,28-03-2019,19:39:00:000000
2019-03-28 19:39:30,17.89,18.07,58.35,28-03-2019,19:39:30:000000
2019-03-28 19:40:00,17.9,18.07,58.35,28-03-2019,19:40:00:000000
2019-03-28 19:40:30,17.9,18.07,58.35,28-03-2019,19:40:30:000000
2019-03-28 19:41:00,17.9,18.08,58.35,28-03-2019,19:41:00:000000
2019-03-28 19:41:30,17.9,18.075,58.35,28-03-2019,19:41:30:000000
2019-03-28 19:42:00,17.91,18.08,58.35,28-03-2019,19:42:00:000000
2019-03-28 19:42:30,17.91,18.08,58.35,28-03-2019,19:42:30:000000
2019-03-28 19:43:00,17.92,18.08,58.35,28-03-2019,19:43:00:000000
2019-03-28 19:43:30,17.9,18.08,58.35,28-03-2019,19:43:30:000000
2019-03-28 19:44:00,17.915,18.08,58.35,28-03-2019,19:44:00:000000
2019-03-28 19:44:30,17.9,18.08,58.35,28-03-2019,19:44:30:000000
2019-03-28 19:45:00,17.91,18.08,58.35,28-03-2019,19:45:00:000000
2019-03-28 19:45:30,17.9,18.07,58.35,28-03-2019,19:45:30:000000
2019-03-28 19:46:00,17.91,18.08,58.35,28-03-2019,19:46:00:000000
2019-03-28 19:46:30,17.915,18.075,58.35,28-03-2019,19:46:30:000000
2019-03-28 19:47:00,17.91,18.08,58.35,28-03-2019,19:47:00:000000
2019-03-28 19:47:30,17.91,18.08,58.35,28-03-2019,19:47:30:000000
2019-03-28 19:48:00,17.92,18.07,58.35,28-03-2019,19:48:00:000000
2019-03-28 19:48:30,17.9,18.08,58.35,28-03-2019,19:48:30:000000
2019-03-28 19:49:00,17.9,18.075,58.35,28-03-2019,19:49:00:000000
2019-03-28 19:49:30,17.9,18.07,58.35,28-03-2019,19:49:30:000000
2019-03-28 19:50:00,17.9,18.07,58.35,28-03-2019,19:50:00:000000
2019-03-28 19:50:30,17.9,18.07,58.35,28-03-2019,19:50:30:000000
2019-03-28 19:51:00,17.89,18.05,58.35,28-03-2019,19:51:00:000000
2019-03-28 19:51:30,17.89,18.07,58.35,28-03-2019,19:51:30:000000
2019-03-28 19:52:00,17.895,18.075,58.35,28-03-2019,19:52:00:000000
2019-03-28 19:52:30,17.89,18.07,58.35,28-03-2019,19:52:30:000000
2019-03-28 19:53:00,17.89,18.05,58.35,28-03-2019,19:53:00:000000
2019-03-28 19:53:30,17.89,18.05,58.400000000000006,28-03-2019,19:53:30:000000
2019-03-28 19:54:00,17.88,18.05,58.45,28-03-2019,19:54:00:000000
2019-03-28 19:54:30,17.88,18.05,58.45,28-03-2019,19:54:30:000000
2019-03-28 19:55:00,17.88,18.04,58.45,28-03-2019,19:55:00:000000
2019-03-28 19:55:30,17.87,18.04,58.45,28-03-2019,19:55:30:000000
2019-03-28 19:56:00,17.87,18.04,58.45,28-03-2019,19:56:00:000000
2019-03-28 19:56:30,17.86,18.04,58.45,28-03-2019,19:56:30:000000
2019-03-28 19:57:00,17.865000000000002,18.02,58.45,28-03-2019,19:57:00:000000
2019-03-28 19:57:30,17.86,18.02,58.45,28-03-2019,19:57:30:000000
2019-03-28 19:58:00,17.85,18.02,58.45,28-03-2019,19:58:00:000000
2019-03-28 19:58:30,17.85,18.01,58.45000000000001,28-03-2019,19:58:30:000000
2019-03-28 19:59:00,17.86,18.02,58.45,28-03-2019,19:59:00:000000
2019-03-28 19:59:30,17.84,18.015,58.45,28-03-2019,19:59:30:000000
2019-03-28 20:00:00,17.83,18.01,58.45,28-03-2019,20:00:00:000000
2019-03-28 20:00:30,17.84,18.0,58.45,28-03-2019,20:00:30:000000
2019-03-28 20:01:00,17.83,18.01,58.45,28-03-2019,20:01:00:000000
2019-03-28 20:01:30,17.83,18.0,58.45,28-03-2019,20:01:30:000000
2019-03-28 20:02:00,17.82,17.990000000000002,58.45,28-03-2019,20:02:00:000000
2019-03-28 20:02:30,17.81,17.98,58.45,28-03-2019,20:02:30:000000
2019-03-28 20:03:00,17.81,17.98,58.45,28-03-2019,20:03:00:000000
2019-03-28 20:03:30,17.81,17.98,58.45,28-03-2019,20:03:30:000000
2019-03-28 20:04:00,17.81,17.98,58.45,28-03-2019,20:04:00:000000
2019-03-28 20:04:30,17.805,17.98,58.45,28-03-2019,20:04:30:000000
2019-03-28 20:05:00,17.8,17.96,58.45,28-03-2019,20:05:00:000000
2019-03-28 20:05:30,17.79,17.96,58.45,28-03-2019,20:05:30:000000
2019-03-28 20:06:00,17.79,17.96,58.55,28-03-2019,20:06:00:000000
2019-03-28 20:06:30,17.79,17.96,58.55,28-03-2019,20:06:30:000000
2019-03-28 20:07:00,17.77,17.96,58.55,28-03-2019,20:07:00:000000
2019-03-28 20:07:30,17.78,17.95,58.55,28-03-2019,20:07:30:000000
2019-03-28 20:08:00,17.77,17.95,58.55,28-03-2019,20:08:00:000000
2019-03-28 20:08:30,17.76,17.95,58.55,28-03-2019,20:08:30:000000
2019-03-28 20:09:00,17.78,17.93,58.55,28-03-2019,20:09:00:000000
2019-03-28 20:09:30,17.78,17.93,58.55,28-03-2019,20:09:30:000000
2019-03-28 20:10:00,17.76,17.93,58.55,28-03-2019,20:10:00:000000
2019-03-28 20:10:30,17.75,17.92,58.55,28-03-2019,20:10:30:000000
2019-03-28 20:11:00,17.74,17.92,58.55,28-03-2019,20:11:00:000000
2019-03-28 20:11:30,17.74,17.92,58.55,28-03-2019,20:11:30:000000
2019-03-28 20:12:00,17.74,17.92,58.55,28-03-2019,20:12:00:000000
2019-03-28 20:12:30,17.735,17.92,58.55,28-03-2019,20:12:30:000000
2019-03-28 20:13:00,17.73,17.9,58.55,28-03-2019,20:13:00:000000
2019-03-28 20:13:30,17.73,17.9,58.55,28-03-2019,20:13:30:000000
2019-03-28 20:14:00,17.73,17.9,58.580000000000005,28-03-2019,20:14:00:000000
2019-03-28 20:14:30,17.72,17.89,58.64,28-03-2019,20:14:30:000000
2019-03-28 20:15:00,17.725,17.895,58.64,28-03-2019,20:15:00:000000
2019-03-28 20:15:30,17.71,17.87,58.64,28-03-2019,20:15:30:000000
2019-03-28 20:16:00,17.71,17.87,58.64,28-03-2019,20:16:00:000000
2019-03-28 20:16:30,17.7,17.87,58.64,28-03-2019,20:16:30:000000
2019-03-28 20:17:00,17.7,17.86,58.64,28-03-2019,20:17:00:000000
2019-03-28 20:17:30,17.7,17.87,58.64,28-03-2019,20:17:30:000000
2019-03-28 20:18:00,17.7,17.87,58.74,28-03-2019,20:18:00:000000
2019-03-28 20:18:30,17.69,17.87,58.74,28-03-2019,20:18:30:000000
2019-03-28 20:19:00,17.7,17.86,58.74,28-03-2019,20:19:00:000000
2019-03-28 20:19:30,17.7,17.86,58.74,28-03-2019,20:19:30:000000
2019-03-28 20:20:00,17.7,17.865000000000002,58.64,28-03-2019,20:20:00:000000
2019-03-28 20:20:30,17.69,17.87,58.64,28-03-2019,20:20:30:000000
2019-03-28 20:21:00,17.7,17.87,58.74,28-03-2019,20:21:00:000000
2019-03-28 20:21:30,17.71,17.87,58.70666666666667,28-03-2019,20:21:30:000000
2019-03-28 20:22:00,17.71,17.87,58.74,28-03-2019,20:22:00:000000
2019-03-28 20:22:30,17.71,17.880000000000003,58.74,28-03-2019,20:22:30:000000
2019-03-28 20:23:00,17.72,17.9,58.74,28-03-2019,20:23:00:000000
2019-03-28 20:23:30,17.74,17.9,58.64,28-03-2019,20:23:30:000000
2019-03-28 20:24:00,17.73,17.9,58.69,28-03-2019,20:24:00:000000
2019-03-28 20:24:30,17.73,17.93,58.64,28-03-2019,20:24:30:000000
2019-03-28 20:25:00,17.744999999999997,17.93,58.64,28-03-2019,20:25:00:000000
2019-03-28 20:25:30,17.76,17.93,58.64,28-03-2019,20:25:30:000000
2019-03-28 20:26:00,17.77,17.95,58.64,28-03-2019,20:26:00:000000
2019-03-28 20:26:30,17.77,17.96,58.64,28-03-2019,20:26:30:000000
2019-03-28 20:27:00,17.79,17.95,58.64,28-03-2019,20:27:00:000000
2019-03-28 20:27:30,17.79,17.96,58.55,28-03-2019,20:27:30:000000
2019-03-28 20:28:00,17.795,17.98,58.55,28-03-2019,20:28:00:000000
2019-03-28 20:28:30,17.81,17.98,58.55,28-03-2019,20:28:30:000000
2019-03-28 20:29:00,17.82,18.0,58.54999999999999,28-03-2019,20:29:00:000000
2019-03-28 20:29:30,17.83,18.0,58.5,28-03-2019,20:29:30:000000
2019-03-28 20:30:00,17.82,18.01,58.45,28-03-2019,20:30:00:000000
2019-03-28 20:30:30,17.845,18.01,58.45,28-03-2019,20:30:30:000000
2019-03-28 20:31:00,17.85,18.02,58.45,28-03-2019,20:31:00:000000
2019-03-28 20:31:30,17.85,18.02,58.45,28-03-2019,20:31:30:000000
2019-03-28 20:32:00,17.86,18.04,58.45,28-03-2019,20:32:00:000000
2019-03-28 20:32:30,17.86,18.02,58.45,28-03-2019,20:32:30:000000
2019-03-28 20:33:00,17.87,18.04,58.35,28-03-2019,20:33:00:000000
2019-03-28 20:33:30,17.88,18.04,58.35,28-03-2019,20:33:30:000000
2019-03-28 20:34:00,17.88,18.04,58.35,28-03-2019,20:34:00:000000
2019-03-28 20:34:30,17.88,18.04,58.35,28-03-2019,20:34:30:000000
2019-03-28 20:35:00,17.89,18.05,58.35,28-03-2019,20:35:00:000000
2019-03-28 20:35:30,17.88,18.05,58.35,28-03-2019,20:35:30:000000
2019-03-28 20:36:00,17.88,18.05,58.35,28-03-2019,20:36:00:000000
2019-03-28 20:36:30,17.89,18.05,58.35,28-03-2019,20:36:30:000000
2019-03-28 20:37:00,17.89,18.05,58.26,28-03-2019,20:37:00:000000
2019-03-28 20:37:30,17.88,18.05,58.26,28-03-2019,20:37:30:000000
2019-03-28 20:38:00,17.89,18.05,58.26,28-03-2019,20:38:00:000000
2019-03-28 20:38:30,17.89,18.05,58.26,28-03-2019,20:38:30:000000
2019-03-28 20:39:00,17.9,18.05,58.26,28-03-2019,20:39:00:000000
2019-03-28 20:39:30,17.88,18.05,58.26,28-03-2019,20:39:30:000000
2019-03-28 20:40:00,17.88,18.05,58.26,28-03-2019,20:40:00:000000
2019-03-28 20:40:30,17.89,18.045,58.26,28-03-2019,20:40:30:000000
2019-03-28 20:41:00,17.88,18.05,58.26,28-03-2019,20:41:00:000000
2019-03-28 20:41:30,17.89,18.05,58.26,28-03-2019,20:41:30:000000
2019-03-28 20:42:00,17.87,18.04,58.26,28-03-2019,20:42:00:000000
2019-03-28 20:42:30,17.88,18.05,58.26,28-03-2019,20:42:30:000000
2019-03-28 20:43:00,17.89,18.045,58.26,28-03-2019,20:43:00:000000
2019-03-28 20:43:30,17.88,18.04,58.26,28-03-2019,20:43:30:000000
2019-03-28 20:44:00,17.87,18.02,58.26,28-03-2019,20:44:00:000000
2019-03-28 20:44:30,17.87,18.02,58.26,28-03-2019,20:44:30:000000
2019-03-28 20:45:00,17.87,18.04,58.26,28-03-2019,20:45:00:000000
2019-03-28 20:45:30,17.87,18.02,58.26,28-03-2019,20:45:30:000000
2019-03-28 20:46:00,17.865000000000002,18.03,58.26,28-03-2019,20:46:00:000000
2019-03-28 20:46:30,17.86,18.02,58.35,28-03-2019,20:46:30:000000
2019-03-28 20:47:00,17.87,18.02,58.35,28-03-2019,20:47:00:000000
2019-03-28 20:47:30,17.86,18.02,58.35,28-03-2019,20:47:30:000000
2019-03-28 20:48:00,17.86,18.02,58.35,28-03-2019,20:48:00:000000
2019-03-28 20:48:30,17.845,18.009999999999998,58.35,28-03-2019,20:48:30:000000
2019-03-28 20:49:00,17.83,18.02,58.35,28-03-2019,20:49:00:000000
2019-03-28 20:49:30,17.84,18.01,58.35,28-03-2019,20:49:30:000000
2019-03-28 20:50:00,17.83,18.0,58.35,28-03-2019,20:50:00:000000
2019-03-28 20:50:30,17.83,18.0,58.35,28-03-2019,20:50:30:000000
2019-03-28 20:51:00,17.825,18.0,58.35,28-03-2019,20:51:00:000000
2019-03-28 20:51:30,17.82,18.0,58.35,28-03-2019,20:51:30:000000
2019-03-28 20:52:00,17.82,17.98,58.35,28-03-2019,20:52:00:000000
2019-03-28 20:52:30,17.81,17.96,58.45,28-03-2019,20:52:30:000000
2019-03-28 20:53:00,17.81,18.0,58.45,28-03-2019,20:53:00:000000
2019-03-28 20:53:30,17.805,17.97,58.45,28-03-2019,20:53:30:000000
2019-03-28 20:54:00,17.8,17.96,58.45,28-03-2019,20:54:00:000000
2019-03-28 20:54:30,17.8,17.98,58.45,28-03-2019,20:54:30:000000
2019-03-28 20:55:00,17.8,17.95,58.45,28-03-2019,20:55:00:000000
2019-03-28 20:55:30,17.78,17.95,58.45,28-03-2019,20:55:30:000000
2019-03-28 20:56:00,17.785,17.955,58.55,28-03-2019,20:56:00:000000
2019-03-28 20:56:30,17.77,17.95,58.55,28-03-2019,20:56:30:000000
2019-03-28 20:57:00,17.77,17.95,58.55,28-03-2019,20:57:00:000000
2019-03-28 20:57:30,17.77,17.95,58.55,28-03-2019,20:57:30:000000
2019-03-28 20:58:00,17.76,17.93,58.55,28-03-2019,20:58:00:000000
2019-03-28 20:58:30,17.76,17.93,58.55,28-03-2019,20:58:30:000000
2019-03-28 20:59:00,17.75,17.92,58.55,28-03-2019,20:59:00:000000
2019-03-28 20:59:30,17.75,17.92,58.54999999999999,28-03-2019,20:59:30:000000
2019-03-28 21:00:00,17.76,17.92,58.55,28-03-2019,21:00:00:000000
2019-03-28 21:00:30,17.75,17.92,58.64,28-03-2019,21:00:30:000000
